Shipment_ID,Hub_ID,Origin_City,Destination_City,Shipment_Date,Delivery_Date,Shipment_Type_ID,Distance_km,Transport_Mode,Fuel_Cost,Total_Cost,SLA_Status,Customer_ID,Payment_Term
SHP000093,H389,Birmingham,Coventry,24-02-2025,26-02-2025,ST0625,880,Road,70.36,1249.97,Met,CUST1210,Prepaid
SHP000361,H254,Leeds,Leicester,26-08-2025,28-08-2025,ST0672,1495,Air,70.69,1118.7,Met,CUST1154,Postpaid
SHP000539,H432,Leicester,Liverpool,24-08-2025,26-08-2025,ST0757,1442,Rail,71.22,2884.63,Met,CUST1383,Postpaid
SHP000091,H128,Bristol,London,15-07-2025,17-07-2025,ST0043,1374,Air,72.34,1229.04,Met,CUST1141,Prepaid
SHP000722,H115,Manchester,Bristol,17-03-2025,19-03-2025,ST0287,799,Road,75.84,411.03,Met,CUST1463,Prepaid
SHP000267,H160,Leicester,Leicester,24-02-2025,26-02-2025,ST0615,370,Road,76.67,408.74,Met,CUST1844,Prepaid
SHP000334,H227,Sheffield,Nottingham,15-03-2025,22-03-2025,ST0764,1427,Rail,77.01,1821.83,Breached,CUST1287,Prepaid
SHP000128,H021,Liverpool,Sheffield,05-01-2025,12-01-2025,ST0633,1079,Air,77.7,1920.96,Breached,CUST1199,Postpaid
SHP000576,H469,Birmingham,Nottingham,26-08-2025,28-08-2025,ST0300,1093,Road,77.91,2110.61,Met,CUST1858,Prepaid
SHP000151,H044,Leeds,Leicester,11-05-2025,19-05-2025,ST0246,413,Road,80.14,1188.84,Breached,CUST1721,Prepaid
SHP000415,H308,Manchester,Manchester,24-03-2025,26-03-2025,ST0441,239,Air,80.17,2426.3,Met,CUST1053,Prepaid
SHP000116,H009,London,Leeds,12-04-2025,14-04-2025,ST0577,396,Rail,80.96,2124.41,Met,CUST1770,Postpaid
SHP000789,H182,Bristol,Manchester,07-01-2025,15-01-2025,ST0426,819,Road,81.94,2748.16,Breached,CUST1009,Postpaid
SHP000607,H500,Leeds,Liverpool,26-03-2025,28-03-2025,ST0146,790,Road,83.46,2388.93,Met,CUST1767,Prepaid
SHP000514,H407,Leeds,Liverpool,22-05-2025,28-05-2025,ST0299,1294,Road,83.99,1259.5,Breached,CUST1747,Postpaid
SHP000394,H287,Coventry,Manchester,23-07-2025,25-07-2025,ST0064,1417,Rail,84.85,1876.43,Met,CUST1769,Prepaid
SHP000100,H355,Leeds,Manchester,23-07-2025,25-07-2025,ST0664,885,Rail,84.95,2524.48,Met,CUST1347,Prepaid
SHP000362,H255,Coventry,Bristol,03-03-2025,05-03-2025,ST0103,391,Air,85.07,1648.61,Met,CUST1627,Prepaid
SHP000626,H019,Liverpool,Manchester,02-03-2025,05-03-2025,ST0715,84,Rail,85.18,1272.33,Breached,CUST1471,Postpaid
SHP000231,H124,Liverpool,Liverpool,23-03-2025,25-03-2025,ST0540,1319,Air,86.07,1267.64,Met,CUST1040,Postpaid
SHP000664,H057,Liverpool,Liverpool,15-08-2025,17-08-2025,ST0320,1288,Rail,86.1,784.61,Met,CUST1727,Postpaid
SHP000544,H437,Manchester,Leeds,19-02-2025,21-02-2025,ST0581,1505,Road,87.26,2252.04,Met,CUST1607,Postpaid
SHP000601,H494,Birmingham,Leicester,23-01-2025,25-01-2025,ST0581,85,Road,87.43,1874.18,Met,CUST1614,Prepaid
SHP000351,H244,Bristol,Liverpool,23-02-2025,27-02-2025,ST0702,209,Road,87.71,1639.26,Breached,CUST1196,Prepaid
SHP000187,H080,Manchester,Leeds,17-05-2025,21-05-2025,ST0459,1561,Air,91.14,1777.22,Breached,CUST1551,Prepaid
SHP000343,H236,Liverpool,Manchester,07-04-2025,09-04-2025,ST0303,265,Air,91.51,2531.08,Met,CUST1884,Prepaid
SHP000327,H220,Coventry,Liverpool,05-04-2025,07-04-2025,ST0755,1175,Air,91.85,1264.4,Met,CUST1272,Postpaid
SHP000657,H050,Leicester,Liverpool,27-07-2025,29-07-2025,ST0701,1022,Air,93.81,1512.99,Met,CUST1227,Postpaid
SHP000399,H292,Sheffield,Coventry,10-01-2025,12-01-2025,ST0672,1310,Road,94.23,2202.23,Met,CUST1460,Prepaid
SHP000020,H380,Birmingham,Bristol,13-04-2025,15-04-2025,ST0449,953,Road,94.49,1584.32,Met,CUST1354,Prepaid
SHP000737,H130,Leeds,London,10-08-2025,12-08-2025,ST0420,1708,Rail,95.2,1836.05,Met,CUST1964,Postpaid
SHP000666,H059,Leeds,Coventry,13-08-2025,15-08-2025,ST0621,528,Road,95.5,354.28,Met,CUST1004,Prepaid
SHP000293,H186,Bristol,Nottingham,12-08-2025,14-08-2025,ST0170,1696,Rail,95.78,2484.56,Met,CUST1759,Prepaid
SHP000448,H341,Manchester,Leicester,12-02-2025,14-02-2025,ST0268,109,Air,95.96,2054.72,Met,CUST1997,Prepaid
SHP000108,H001,Sheffield,Liverpool,19-02-2025,21-02-2025,ST0387,877,Road,96.64,1065.03,Met,CUST1586,Prepaid
SHP000425,H318,Leeds,London,11-06-2025,13-06-2025,ST0430,1175,Air,96.9,1695.3,Met,CUST1186,Postpaid
SHP000500,H393,Sheffield,Birmingham,30-04-2025,02-05-2025,ST0125,243,Air,97.95,1223.74,Met,CUST1825,Prepaid
SHP000701,H094,Coventry,Sheffield,17-02-2025,19-02-2025,ST0438,384,Air,98.62,1432.85,Met,CUST1161,Prepaid
SHP000223,H116,Sheffield,Liverpool,06-02-2025,08-02-2025,ST0477,1642,Air,99.07,2102.25,Met,CUST1088,Prepaid
SHP000621,H014,Leicester,Birmingham,24-06-2025,26-06-2025,ST0142,1461,Road,99.26,1053.58,Met,CUST1386,Postpaid
SHP000050,H472,Nottingham,London,22-04-2025,26-04-2025,ST0741,1135,Road,99.99,1547.05,Breached,CUST1417,Postpaid
SHP000266,H159,Leicester,Birmingham,15-03-2025,17-03-2025,ST0139,106,Road,100.13,1179.01,Met,CUST1598,Prepaid
SHP000735,H128,Sheffield,Leeds,27-06-2025,04-07-2025,ST0703,1173,Air,102.97,2432.8,Breached,CUST1480,Prepaid
SHP000074,H153,Leeds,Coventry,26-02-2025,28-02-2025,ST0152,744,Air,103.69,390.8,Met,CUST1911,Postpaid
SHP000433,H326,Birmingham,Sheffield,13-08-2025,15-08-2025,ST0683,964,Road,104.62,589.97,Met,CUST1948,Prepaid
SHP000054,H330,Coventry,London,07-04-2025,09-04-2025,ST0408,52,Road,104.67,835.1,Met,CUST1390,Prepaid
SHP000041,H328,Leicester,Manchester,24-06-2025,29-06-2025,ST0455,1391,Rail,104.73,1622.73,Breached,CUST1645,Prepaid
SHP000014,H176,Sheffield,Bristol,23-05-2025,25-05-2025,ST0566,515,Road,105.84,1332.69,Met,CUST1953,Postpaid
SHP000495,H388,Sheffield,Manchester,31-03-2025,02-04-2025,ST0467,1220,Air,107.74,2306.8,Met,CUST1676,Postpaid
SHP000782,H175,Sheffield,Liverpool,24-06-2025,29-06-2025,ST0595,1402,Rail,108.35,2243.51,Breached,CUST1634,Postpaid
SHP000674,H067,Manchester,Leeds,23-03-2025,25-03-2025,ST0319,390,Air,108.53,552.98,Met,CUST1045,Prepaid
SHP000675,H068,Birmingham,Manchester,19-04-2025,21-04-2025,ST0004,1111,Rail,110.57,2784.72,Met,CUST1539,Postpaid
SHP000372,H265,Nottingham,Leicester,10-08-2025,12-08-2025,ST0483,1763,Rail,111.85,2577.21,Met,CUST1142,Prepaid
SHP000507,H400,Manchester,Nottingham,22-08-2025,24-08-2025,ST0455,1421,Air,112.33,418.12,Met,CUST1133,Postpaid
SHP000772,H165,Liverpool,Leeds,30-01-2025,01-02-2025,ST0025,1604,Rail,114.99,2739.53,Met,CUST1648,Prepaid
SHP000061,H085,Coventry,Liverpool,20-04-2025,22-04-2025,ST0096,1123,Air,115.1,1289.55,Met,CUST1949,Postpaid
SHP000518,H411,Sheffield,Birmingham,11-05-2025,13-05-2025,ST0361,1205,Air,115.75,2737.97,Met,CUST1458,Prepaid
SHP000051,H139,Leicester,Bristol,15-07-2025,17-07-2025,ST0257,1405,Road,116.09,2780.74,Met,CUST1293,Postpaid
SHP000622,H015,Nottingham,Birmingham,11-03-2025,13-03-2025,ST0081,616,Road,116.57,2960.3,Met,CUST1801,Postpaid
SHP000758,H151,Coventry,Leeds,18-02-2025,22-02-2025,ST0533,1617,Rail,118.54,1324.22,Breached,CUST1553,Postpaid
SHP000227,H120,Liverpool,London,01-02-2025,03-02-2025,ST0212,531,Air,118.99,2979.57,Met,CUST1107,Postpaid
SHP000384,H277,Leicester,Liverpool,12-07-2025,14-07-2025,ST0031,1325,Rail,120.22,2993.77,Met,CUST1058,Prepaid
SHP000668,H061,Nottingham,Manchester,25-05-2025,27-05-2025,ST0686,787,Air,121.18,2080.34,Met,CUST1004,Prepaid
SHP000016,H102,Leeds,Sheffield,20-07-2025,28-07-2025,ST0682,1172,Rail,124.66,2533.83,Breached,CUST1428,Prepaid
SHP000563,H456,Birmingham,Sheffield,24-01-2025,26-01-2025,ST0098,726,Rail,126.4,1247.02,Met,CUST1740,Postpaid
SHP000569,H462,Nottingham,Manchester,26-05-2025,28-05-2025,ST0399,1534,Rail,128.41,1119.92,Met,CUST1089,Postpaid
SHP000783,H176,Leicester,Birmingham,26-03-2025,28-03-2025,ST0004,1575,Rail,128.58,634.85,Met,CUST1195,Prepaid
SHP000768,H161,Manchester,Birmingham,06-03-2025,08-03-2025,ST0347,958,Rail,129.65,352.7,Met,CUST1767,Postpaid
SHP000286,H179,Liverpool,Nottingham,28-07-2025,04-08-2025,ST0092,1131,Rail,130.41,2032.72,Breached,CUST1981,Postpaid
SHP000694,H087,Leeds,Coventry,21-03-2025,25-03-2025,ST0281,852,Air,130.42,2104.87,Breached,CUST1191,Prepaid
SHP000335,H228,Nottingham,Leicester,24-05-2025,26-05-2025,ST0115,189,Air,132.31,2141.38,Met,CUST1198,Postpaid
SHP000320,H213,Leeds,Sheffield,31-03-2025,02-04-2025,ST0259,1017,Road,132.45,1394.08,Met,CUST1534,Postpaid
SHP000001,H483,Birmingham,London,24-06-2025,30-06-2025,ST0429,1768,Air,132.63,847.87,Breached,CUST1510,Postpaid
SHP000692,H085,London,Coventry,07-06-2025,15-06-2025,ST0468,1390,Rail,133.06,1230.98,Breached,CUST1461,Postpaid
SHP000270,H163,Coventry,Nottingham,06-03-2025,08-03-2025,ST0592,1486,Road,134.4,1305.65,Met,CUST1573,Postpaid
SHP000767,H160,Leeds,Manchester,23-08-2025,25-08-2025,ST0414,1355,Rail,135.54,1875.63,Met,CUST1709,Prepaid
SHP000417,H310,London,Leicester,25-01-2025,30-01-2025,ST0228,1774,Air,135.9,2580.95,Breached,CUST1300,Postpaid
SHP000728,H121,Nottingham,Coventry,14-03-2025,16-03-2025,ST0547,928,Road,137.32,2073.29,Met,CUST1428,Postpaid
SHP000261,H154,Manchester,Bristol,12-02-2025,14-02-2025,ST0098,230,Rail,137.38,2130.98,Met,CUST1327,Prepaid
SHP000244,H137,Manchester,Sheffield,26-06-2025,28-06-2025,ST0046,1277,Air,137.51,651.39,Met,CUST1892,Prepaid
SHP000714,H107,Sheffield,Coventry,24-05-2025,26-05-2025,ST0258,1450,Air,138.14,2162.15,Met,CUST1615,Postpaid
SHP000679,H072,London,Coventry,11-04-2025,13-04-2025,ST0375,1477,Rail,138.47,2110.83,Met,CUST1651,Prepaid
SHP000700,H093,Sheffield,Nottingham,04-07-2025,06-07-2025,ST0242,171,Rail,138.98,397.67,Met,CUST1111,Prepaid
SHP000210,H103,Leicester,Sheffield,20-01-2025,26-01-2025,ST0773,459,Air,138.99,1281.6,Breached,CUST1359,Prepaid
SHP000757,H150,Liverpool,Sheffield,02-03-2025,04-03-2025,ST0398,1565,Road,142.47,1886.18,Met,CUST1303,Prepaid
SHP000678,H071,Manchester,Sheffield,31-01-2025,02-02-2025,ST0604,153,Rail,142.96,2705.21,Met,CUST1074,Prepaid
SHP000381,H274,Birmingham,Nottingham,11-06-2025,13-06-2025,ST0630,791,Road,143.18,1975.11,Met,CUST1071,Postpaid
SHP000075,H184,Bristol,Manchester,26-04-2025,28-04-2025,ST0667,1192,Rail,143.49,2556.69,Met,CUST1196,Postpaid
SHP000504,H397,Bristol,Bristol,18-01-2025,20-01-2025,ST0418,748,Rail,143.5,442.1,Met,CUST1220,Postpaid
SHP000213,H106,Leicester,Liverpool,14-02-2025,21-02-2025,ST0414,1099,Air,144.03,1777.54,Breached,CUST1718,Prepaid
SHP000706,H099,Sheffield,Manchester,30-05-2025,03-06-2025,ST0026,538,Road,144.06,944.52,Breached,CUST1623,Postpaid
SHP000565,H458,Manchester,Liverpool,21-02-2025,23-02-2025,ST0501,873,Rail,144.12,2755.07,Met,CUST1981,Prepaid
SHP000530,H423,London,Sheffield,10-01-2025,12-01-2025,ST0407,1212,Air,144.3,1880.21,Met,CUST1789,Postpaid
SHP000052,H253,London,Liverpool,17-01-2025,19-01-2025,ST0754,272,Road,144.93,400.81,Met,CUST1634,Prepaid
SHP000775,H168,Bristol,Birmingham,01-01-2025,03-01-2025,ST0378,976,Road,144.95,1702.88,Met,CUST1828,Prepaid
SHP000110,H003,Liverpool,Coventry,22-01-2025,25-01-2025,ST0584,1212,Road,146.56,1915.6,Breached,CUST1802,Prepaid
SHP000252,H145,Nottingham,London,22-01-2025,24-01-2025,ST0105,73,Rail,149.17,684.82,Met,CUST1998,Prepaid
SHP000773,H166,Leicester,Sheffield,03-01-2025,09-01-2025,ST0548,998,Rail,149.87,2027.47,Breached,CUST1962,Postpaid
SHP000291,H184,Bristol,Liverpool,10-02-2025,12-02-2025,ST0224,255,Road,150.02,2324.19,Met,CUST1323,Prepaid
SHP000729,H122,Leeds,Leeds,29-05-2025,04-06-2025,ST0798,189,Rail,150.72,770.68,Breached,CUST1491,Prepaid
SHP000513,H406,Leicester,Sheffield,08-08-2025,10-08-2025,ST0730,479,Air,151.59,974.69,Met,CUST1094,Postpaid
SHP000613,H006,Sheffield,Leeds,08-04-2025,10-04-2025,ST0467,261,Air,153.04,1065.48,Met,CUST1144,Prepaid
SHP000263,H156,Leeds,Leicester,31-07-2025,02-08-2025,ST0775,1658,Rail,153.06,2965.91,Met,CUST1415,Prepaid
SHP000306,H199,Manchester,London,07-02-2025,09-02-2025,ST0001,1549,Rail,154.42,991.04,Met,CUST1250,Postpaid
SHP000107,H274,London,Coventry,25-03-2025,27-03-2025,ST0232,52,Air,154.6,1472.81,Met,CUST1938,Postpaid
SHP000042,H105,Coventry,Liverpool,19-01-2025,25-01-2025,ST0309,86,Air,155.01,2562.63,Breached,CUST1126,Postpaid
SHP000503,H396,Birmingham,Manchester,06-01-2025,08-01-2025,ST0520,729,Road,155.49,2609.21,Met,CUST1751,Postpaid
SHP000779,H172,Birmingham,Bristol,14-03-2025,16-03-2025,ST0304,587,Rail,155.73,1075.4,Met,CUST1093,Postpaid
SHP000684,H077,Coventry,London,31-03-2025,05-04-2025,ST0252,1185,Road,156.13,1965.38,Breached,CUST1728,Postpaid
SHP000157,H050,Liverpool,Bristol,11-07-2025,13-07-2025,ST0753,915,Road,157.28,555.93,Met,CUST1249,Postpaid
SHP000742,H135,Leeds,London,05-05-2025,07-05-2025,ST0156,1624,Rail,159.19,1103.36,Met,CUST1321,Prepaid
SHP000562,H455,Manchester,Manchester,21-05-2025,23-05-2025,ST0766,1693,Road,159.34,2711.04,Met,CUST1155,Prepaid
SHP000781,H174,Sheffield,Leeds,27-08-2025,29-08-2025,ST0260,870,Rail,159.63,1183.52,Met,CUST1372,Postpaid
SHP000096,H029,Liverpool,Coventry,25-07-2025,27-07-2025,ST0048,1420,Air,159.65,389.79,Met,CUST1809,Prepaid
SHP000238,H131,Manchester,Birmingham,04-08-2025,06-08-2025,ST0484,942,Rail,162.51,1467.4,Met,CUST1879,Postpaid
SHP000206,H099,Bristol,Leicester,09-08-2025,11-08-2025,ST0382,60,Rail,165.03,1950.05,Met,CUST1267,Prepaid
SHP000617,H010,Birmingham,Nottingham,16-06-2025,18-06-2025,ST0793,182,Rail,165.55,1217.23,Met,CUST1721,Prepaid
SHP000139,H032,Bristol,Birmingham,11-01-2025,13-01-2025,ST0655,493,Road,165.55,2491.54,Met,CUST1096,Postpaid
SHP000247,H140,Liverpool,Coventry,15-08-2025,17-08-2025,ST0704,340,Rail,166.87,1074.95,Met,CUST1034,Prepaid
SHP000718,H111,Liverpool,Coventry,14-02-2025,16-02-2025,ST0297,1436,Rail,167.82,2535.57,Met,CUST1582,Prepaid
SHP000204,H097,Birmingham,Manchester,23-04-2025,25-04-2025,ST0369,510,Air,169.63,2224.95,Met,CUST1224,Postpaid
SHP000312,H205,Sheffield,Manchester,29-03-2025,31-03-2025,ST0069,218,Air,170.03,2384.4,Met,CUST1651,Postpaid
SHP000190,H083,Liverpool,Liverpool,11-03-2025,13-03-2025,ST0653,1476,Air,170.06,1110.5,Met,CUST1479,Postpaid
SHP000119,H012,Manchester,Bristol,23-07-2025,25-07-2025,ST0647,1187,Air,170.81,647.19,Met,CUST1709,Postpaid
SHP000602,H495,Sheffield,Bristol,10-06-2025,12-06-2025,ST0067,571,Air,170.93,2385.68,Met,CUST1328,Postpaid
SHP000667,H060,Leeds,Bristol,22-03-2025,24-03-2025,ST0787,1723,Rail,171.44,403.51,Met,CUST1017,Postpaid
SHP000483,H376,Manchester,Leeds,06-03-2025,14-03-2025,ST0018,1117,Road,171.47,1099.8,Breached,CUST1928,Prepaid
SHP000205,H098,Nottingham,Bristol,22-07-2025,24-07-2025,ST0387,398,Air,172.72,2512.6,Met,CUST1110,Prepaid
SHP000140,H033,Nottingham,Coventry,16-04-2025,18-04-2025,ST0433,151,Road,173.14,1266.06,Met,CUST1442,Prepaid
SHP000131,H024,Nottingham,London,20-06-2025,22-06-2025,ST0142,581,Road,173.33,1157.36,Met,CUST1077,Prepaid
SHP000454,H347,Sheffield,Liverpool,21-02-2025,26-02-2025,ST0014,386,Air,174,2024.35,Breached,CUST1877,Prepaid
SHP000040,H362,Manchester,Leicester,02-08-2025,04-08-2025,ST0779,867,Rail,174.14,1587.91,Met,CUST1500,Postpaid
SHP000512,H405,Manchester,Leeds,07-04-2025,09-04-2025,ST0235,101,Air,175.09,2452.36,Met,CUST1506,Postpaid
SHP000439,H332,Liverpool,Nottingham,08-05-2025,10-05-2025,ST0559,121,Air,175.11,1185.91,Met,CUST1856,Postpaid
SHP000780,H173,Leicester,Nottingham,10-08-2025,12-08-2025,ST0535,1139,Air,177.44,442.23,Met,CUST1252,Postpaid
SHP000743,H136,Nottingham,Liverpool,05-03-2025,07-03-2025,ST0437,1636,Rail,178.07,620.93,Met,CUST1661,Postpaid
SHP000501,H394,London,Leeds,20-05-2025,22-05-2025,ST0739,400,Air,178.22,2610.66,Met,CUST1104,Prepaid
SHP000412,H305,Leeds,Liverpool,21-02-2025,23-02-2025,ST0371,147,Road,178.86,730.79,Met,CUST1889,Prepaid
SHP000437,H330,Birmingham,Sheffield,01-06-2025,05-06-2025,ST0373,1450,Air,179.28,1453.96,Breached,CUST1533,Postpaid
SHP000209,H102,Bristol,London,04-08-2025,06-08-2025,ST0223,1724,Rail,181.12,2206.82,Met,CUST1654,Prepaid
SHP000661,H054,Coventry,Sheffield,11-03-2025,13-03-2025,ST0457,206,Road,181.93,1141.65,Met,CUST1508,Prepaid
SHP000628,H021,Manchester,Leeds,19-03-2025,21-03-2025,ST0636,1179,Road,183.42,2821.2,Met,CUST1446,Prepaid
SHP000480,H373,Liverpool,Coventry,06-02-2025,08-02-2025,ST0129,1308,Air,184.78,1852.77,Met,CUST1464,Postpaid
SHP000527,H420,Birmingham,Bristol,22-05-2025,24-05-2025,ST0286,571,Rail,184.99,1189.33,Met,CUST1139,Prepaid
SHP000087,H188,Leicester,London,25-04-2025,27-04-2025,ST0361,1015,Rail,185.07,1318.04,Met,CUST1406,Postpaid
SHP000024,H392,Leeds,Leeds,19-08-2025,21-08-2025,ST0786,240,Rail,185.14,861.23,Met,CUST1432,Prepaid
SHP000166,H059,Coventry,Leeds,04-07-2025,06-07-2025,ST0156,307,Air,185.24,2991.28,Met,CUST1093,Postpaid
SHP000449,H342,Leicester,Leeds,09-08-2025,11-08-2025,ST0072,1233,Road,185.64,2595.66,Met,CUST1757,Postpaid
SHP000541,H434,Liverpool,Leeds,26-01-2025,03-02-2025,ST0201,238,Road,186.14,1963.11,Breached,CUST1086,Postpaid
SHP000220,H113,Coventry,Leicester,20-03-2025,22-03-2025,ST0580,1582,Road,188.34,1291.6,Met,CUST1014,Prepaid
SHP000787,H180,London,Leicester,28-05-2025,30-05-2025,ST0603,400,Road,188.76,1893.99,Met,CUST1525,Postpaid
SHP000755,H148,Leicester,London,29-04-2025,01-05-2025,ST0123,406,Rail,188.86,1598.92,Met,CUST1126,Postpaid
SHP000122,H015,Sheffield,Sheffield,03-08-2025,05-08-2025,ST0113,350,Air,189.82,2466.62,Met,CUST1948,Prepaid
SHP000317,H210,Liverpool,Nottingham,09-05-2025,11-05-2025,ST0223,984,Air,191.4,710.88,Met,CUST1124,Prepaid
SHP000529,H422,Leeds,Leeds,11-07-2025,13-07-2025,ST0117,1152,Air,191.71,2316.66,Met,CUST1483,Prepaid
SHP000759,H152,Leicester,Leeds,20-06-2025,22-06-2025,ST0657,1433,Air,192.23,1950.61,Met,CUST1094,Prepaid
SHP000749,H142,Manchester,Coventry,28-07-2025,30-07-2025,ST0634,552,Rail,193.26,2818.51,Met,CUST1396,Prepaid
SHP000226,H119,Nottingham,Sheffield,02-08-2025,04-08-2025,ST0062,301,Rail,193.38,902.73,Met,CUST1296,Prepaid
SHP000089,H028,Sheffield,Liverpool,21-03-2025,23-03-2025,ST0049,1534,Rail,194.19,987.55,Met,CUST1817,Prepaid
SHP000255,H148,Manchester,Birmingham,09-06-2025,16-06-2025,ST0665,916,Road,194.31,899.92,Breached,CUST1346,Prepaid
SHP000676,H069,Leeds,Manchester,14-04-2025,21-04-2025,ST0776,1113,Road,195.47,1257.84,Breached,CUST1656,Prepaid
SHP000648,H041,Leeds,Sheffield,14-07-2025,16-07-2025,ST0008,1107,Road,195.73,2028.24,Met,CUST1127,Prepaid
SHP000026,H313,Leicester,Sheffield,26-05-2025,28-05-2025,ST0392,1568,Road,197.51,1686.08,Met,CUST1403,Prepaid
SHP000620,H013,Liverpool,Manchester,22-02-2025,28-02-2025,ST0041,709,Road,198.2,1704.72,Breached,CUST1122,Postpaid
SHP000655,H048,Liverpool,Coventry,24-07-2025,30-07-2025,ST0632,1566,Air,200.02,2071.7,Breached,CUST1136,Prepaid
SHP000470,H363,Sheffield,Sheffield,06-06-2025,08-06-2025,ST0579,518,Rail,200.23,2983.31,Met,CUST1616,Postpaid
SHP000553,H446,Bristol,Nottingham,05-08-2025,07-08-2025,ST0013,931,Rail,200.92,2895.35,Met,CUST1115,Postpaid
SHP000233,H126,Manchester,Leeds,25-08-2025,27-08-2025,ST0155,421,Air,201.22,589.2,Met,CUST1094,Prepaid
SHP000577,H470,Leeds,Leicester,05-07-2025,07-07-2025,ST0412,1305,Road,201.42,1446.5,Met,CUST1960,Postpaid
SHP000383,H276,Coventry,London,12-05-2025,19-05-2025,ST0139,398,Air,203,2221.3,Breached,CUST1122,Prepaid
SHP000078,H035,Coventry,Manchester,20-01-2025,22-01-2025,ST0465,993,Road,203.32,848.22,Met,CUST1545,Postpaid
SHP000146,H039,Coventry,Leicester,07-02-2025,13-02-2025,ST0604,487,Air,203.91,1163.68,Breached,CUST1637,Postpaid
SHP000725,H118,Nottingham,Birmingham,09-08-2025,13-08-2025,ST0510,1653,Air,203.97,1929.86,Breached,CUST1650,Postpaid
SHP000533,H426,Bristol,Leeds,01-06-2025,03-06-2025,ST0346,946,Road,204.17,1663.65,Met,CUST1429,Prepaid
SHP000068,H258,Bristol,Sheffield,08-01-2025,10-01-2025,ST0274,1019,Rail,205.86,1429.95,Met,CUST1328,Prepaid
SHP000009,H298,Leicester,Nottingham,15-04-2025,17-04-2025,ST0132,1075,Air,206.03,517.97,Met,CUST1407,Postpaid
SHP000486,H379,Nottingham,Manchester,27-01-2025,01-02-2025,ST0592,180,Rail,207.15,1036.84,Breached,CUST1949,Prepaid
SHP000490,H383,Coventry,Sheffield,30-04-2025,02-05-2025,ST0003,1114,Rail,207.23,2474.77,Met,CUST1713,Prepaid
SHP000446,H339,Manchester,London,22-08-2025,28-08-2025,ST0658,1698,Air,208.46,1284.35,Breached,CUST1081,Postpaid
SHP000733,H126,Manchester,Bristol,02-01-2025,04-01-2025,ST0205,131,Rail,208.65,2599.62,Met,CUST1959,Prepaid
SHP000234,H127,Manchester,Manchester,30-06-2025,06-07-2025,ST0767,683,Road,209.06,1527.38,Breached,CUST1864,Postpaid
SHP000594,H487,Coventry,Coventry,24-03-2025,26-03-2025,ST0292,123,Air,209.09,2762.77,Met,CUST1765,Prepaid
SHP000201,H094,Nottingham,Bristol,06-02-2025,08-02-2025,ST0341,88,Air,209.22,310.09,Met,CUST1750,Postpaid
SHP000358,H251,Liverpool,Coventry,10-05-2025,12-05-2025,ST0571,1578,Rail,209.41,1082.99,Met,CUST1110,Prepaid
SHP000445,H338,Liverpool,Liverpool,17-01-2025,19-01-2025,ST0449,1666,Road,210.24,2273.07,Met,CUST1752,Postpaid
SHP000489,H382,London,Leicester,11-07-2025,13-07-2025,ST0509,315,Air,211.08,1752.99,Met,CUST1738,Postpaid
SHP000388,H281,Liverpool,Leeds,10-05-2025,18-05-2025,ST0111,1306,Road,212.9,1057.29,Breached,CUST1580,Prepaid
SHP000303,H196,Birmingham,Coventry,14-06-2025,16-06-2025,ST0194,1338,Air,213.44,1894.89,Met,CUST1284,Prepaid
SHP000665,H058,Nottingham,London,01-02-2025,03-02-2025,ST0378,1033,Road,214.12,878.93,Met,CUST1381,Postpaid
SHP000188,H081,Bristol,Bristol,23-05-2025,30-05-2025,ST0616,797,Rail,215.54,2779,Breached,CUST1177,Prepaid
SHP000681,H074,Manchester,Coventry,23-04-2025,29-04-2025,ST0323,309,Rail,216.62,2059.5,Breached,CUST1956,Prepaid
SHP000523,H416,Liverpool,Sheffield,17-03-2025,19-03-2025,ST0576,534,Rail,217.29,1359.9,Met,CUST1849,Prepaid
SHP000318,H211,Leicester,Leicester,12-02-2025,14-02-2025,ST0619,1412,Rail,217.36,435.33,Met,CUST1174,Postpaid
SHP000476,H369,London,Manchester,24-06-2025,26-06-2025,ST0570,1481,Rail,217.88,1251.99,Met,CUST1371,Prepaid
SHP000708,H101,Liverpool,Liverpool,15-08-2025,20-08-2025,ST0423,1187,Road,219.1,435.81,Breached,CUST1774,Prepaid
SHP000720,H113,Liverpool,Manchester,12-03-2025,14-03-2025,ST0574,1753,Rail,220.25,853.38,Met,CUST1248,Postpaid
SHP000008,H484,Manchester,Leeds,17-02-2025,19-02-2025,ST0306,349,Air,220.72,368.14,Met,CUST1251,Postpaid
SHP000356,H249,Liverpool,Liverpool,07-06-2025,11-06-2025,ST0576,118,Road,220.74,699.79,Breached,CUST1044,Prepaid
SHP000464,H357,Leeds,London,14-08-2025,16-08-2025,ST0140,1433,Air,222.86,1941.64,Met,CUST1713,Postpaid
SHP000113,H006,Liverpool,Birmingham,28-08-2025,03-09-2025,ST0380,307,Road,223.7,356.88,Breached,CUST1063,Postpaid
SHP000471,H364,Sheffield,Leeds,07-02-2025,09-02-2025,ST0278,1000,Air,223.87,1983.6,Met,CUST1181,Postpaid
SHP000413,H306,Liverpool,Leicester,10-01-2025,12-01-2025,ST0166,88,Air,224.22,1255.14,Met,CUST1322,Postpaid
SHP000371,H264,Liverpool,Coventry,10-02-2025,12-02-2025,ST0164,1585,Rail,224.27,1425.75,Met,CUST1754,Postpaid
SHP000086,H424,Coventry,Leeds,04-01-2025,10-01-2025,ST0375,1321,Road,224.84,1771.36,Breached,CUST1546,Prepaid
SHP000059,H076,Bristol,Sheffield,04-01-2025,06-01-2025,ST0248,1451,Rail,225.94,2474.7,Met,CUST1043,Postpaid
SHP000218,H111,Birmingham,Coventry,16-06-2025,19-06-2025,ST0655,1186,Rail,226.46,1351.33,Breached,CUST1049,Postpaid
SHP000420,H313,Liverpool,Birmingham,12-07-2025,14-07-2025,ST0648,479,Air,227.69,2020.53,Met,CUST1419,Postpaid
SHP000114,H007,Coventry,London,20-06-2025,22-06-2025,ST0094,1336,Rail,228.77,2818.37,Met,CUST1404,Prepaid
SHP000392,H285,Manchester,Leicester,19-03-2025,27-03-2025,ST0275,583,Road,230.66,576.8,Breached,CUST1704,Prepaid
SHP000284,H177,Nottingham,Manchester,16-06-2025,18-06-2025,ST0543,1446,Road,231.24,1123.35,Met,CUST1146,Postpaid
SHP000329,H222,Coventry,Manchester,25-03-2025,27-03-2025,ST0019,1409,Road,231.32,1271.61,Met,CUST1786,Postpaid
SHP000723,H116,Manchester,Liverpool,18-01-2025,20-01-2025,ST0245,428,Road,233.53,2030.21,Met,CUST1539,Prepaid
SHP000382,H275,Leicester,Leeds,04-06-2025,07-06-2025,ST0106,392,Rail,234.23,2248.76,Breached,CUST1398,Postpaid
SHP000618,H011,Leeds,Leeds,10-05-2025,12-05-2025,ST0764,418,Rail,234.88,2029.62,Met,CUST1082,Prepaid
SHP000269,H162,Coventry,London,01-03-2025,03-03-2025,ST0155,1453,Road,235.19,2088.88,Met,CUST1448,Postpaid
SHP000549,H442,Leeds,Coventry,07-02-2025,09-02-2025,ST0310,643,Air,235.3,465.55,Met,CUST1400,Prepaid
SHP000154,H047,Nottingham,Coventry,21-08-2025,27-08-2025,ST0203,360,Air,235.55,2421.68,Breached,CUST1239,Prepaid
SHP000153,H046,Leicester,London,01-07-2025,03-07-2025,ST0609,339,Rail,236.72,1245.53,Met,CUST1858,Prepaid
SHP000212,H105,Manchester,Coventry,18-05-2025,20-05-2025,ST0194,708,Air,236.8,2398.73,Met,CUST1104,Postpaid
SHP000376,H269,Liverpool,Sheffield,28-02-2025,04-03-2025,ST0432,475,Road,237.23,1736.85,Breached,CUST1235,Postpaid
SHP000022,H050,Leicester,Liverpool,11-01-2025,16-01-2025,ST0487,466,Road,237.28,611.9,Breached,CUST1819,Prepaid
SHP000625,H018,Liverpool,Manchester,27-04-2025,29-04-2025,ST0252,962,Rail,237.71,2403.91,Met,CUST1420,Prepaid
SHP000323,H216,Coventry,Leicester,13-07-2025,15-07-2025,ST0187,976,Air,239.13,2788.35,Met,CUST1412,Postpaid
SHP000685,H078,Bristol,Manchester,07-07-2025,09-07-2025,ST0096,1057,Air,240.39,1838.38,Met,CUST1168,Postpaid
SHP000185,H078,Liverpool,Leicester,07-08-2025,09-08-2025,ST0592,1038,Rail,240.58,2581.51,Met,CUST1982,Prepaid
SHP000559,H452,Manchester,Leeds,18-01-2025,20-01-2025,ST0448,1607,Air,240.69,2104.91,Met,CUST1492,Prepaid
SHP000010,H486,Sheffield,Coventry,07-06-2025,12-06-2025,ST0451,1405,Road,240.98,2662.25,Breached,CUST1722,Prepaid
SHP000135,H028,Nottingham,Birmingham,16-08-2025,18-08-2025,ST0461,770,Air,241.11,1041.63,Met,CUST1298,Prepaid
SHP000505,H398,Nottingham,Birmingham,02-01-2025,09-01-2025,ST0280,62,Road,242.48,853.28,Breached,CUST1958,Postpaid
SHP000121,H014,Leeds,London,21-08-2025,23-08-2025,ST0478,227,Road,244.87,2808.84,Met,CUST1595,Postpaid
SHP000259,H152,Sheffield,Sheffield,13-08-2025,15-08-2025,ST0054,200,Air,244.91,973.44,Met,CUST1134,Postpaid
SHP000680,H073,London,Leicester,09-05-2025,11-05-2025,ST0556,232,Road,246.35,1066.42,Met,CUST1435,Postpaid
SHP000072,H120,Leicester,Liverpool,05-07-2025,07-07-2025,ST0253,479,Rail,246.69,1371.36,Met,CUST1614,Postpaid
SHP000431,H324,Coventry,Bristol,17-07-2025,19-07-2025,ST0703,1753,Rail,246.79,2177.49,Met,CUST1640,Prepaid
SHP000348,H241,Liverpool,Leicester,05-02-2025,07-02-2025,ST0274,1558,Air,246.85,1512.03,Met,CUST1683,Postpaid
SHP000043,H386,Leeds,Birmingham,15-03-2025,17-03-2025,ST0533,1367,Road,246.94,682.02,Met,CUST1091,Prepaid
SHP000511,H404,Leicester,London,05-01-2025,07-01-2025,ST0112,407,Rail,248.75,933.98,Met,CUST1226,Postpaid
SHP000368,H261,Sheffield,Sheffield,23-07-2025,25-07-2025,ST0571,1255,Rail,249.22,1034.9,Met,CUST1324,Postpaid
SHP000786,H179,Nottingham,Coventry,04-05-2025,06-05-2025,ST0364,446,Road,250.07,1433.14,Met,CUST1482,Prepaid
SHP000740,H133,Leeds,Nottingham,25-06-2025,27-06-2025,ST0315,1676,Road,250.54,2474.6,Met,CUST1390,Prepaid
SHP000593,H486,Nottingham,Bristol,27-04-2025,29-04-2025,ST0094,1052,Air,251.42,1002.37,Met,CUST1941,Prepaid
SHP000699,H092,Birmingham,Birmingham,18-06-2025,25-06-2025,ST0584,438,Rail,251.44,1663.34,Breached,CUST1673,Postpaid
SHP000375,H268,Leicester,London,17-06-2025,25-06-2025,ST0148,1617,Air,252.39,2832.5,Breached,CUST1473,Prepaid
SHP000354,H247,Liverpool,Leicester,23-07-2025,25-07-2025,ST0641,1441,Rail,253.06,2492.25,Met,CUST1449,Postpaid
SHP000069,H339,Coventry,Leeds,12-07-2025,14-07-2025,ST0054,1424,Road,253.19,2794.68,Met,CUST1549,Prepaid
SHP000272,H165,Bristol,Leicester,03-01-2025,05-01-2025,ST0556,819,Air,253.23,2255.52,Met,CUST1119,Postpaid
SHP000474,H367,Sheffield,Leicester,26-02-2025,02-03-2025,ST0572,1149,Road,255.34,1309.75,Breached,CUST1524,Postpaid
SHP000774,H167,Bristol,Birmingham,27-07-2025,29-07-2025,ST0777,1464,Rail,256.26,1565.42,Met,CUST1958,Prepaid
SHP000650,H043,London,London,20-01-2025,22-01-2025,ST0264,1174,Air,257.68,1546.5,Met,CUST1071,Postpaid
SHP000791,H184,Leeds,Liverpool,04-02-2025,10-02-2025,ST0071,777,Rail,257.96,2267.71,Breached,CUST1272,Prepaid
SHP000574,H467,Manchester,Leeds,13-08-2025,17-08-2025,ST0398,189,Rail,258.59,2781.64,Breached,CUST1852,Postpaid
SHP000567,H460,Manchester,Leeds,02-01-2025,05-01-2025,ST0333,1488,Road,258.66,1421.77,Breached,CUST1978,Postpaid
SHP000216,H109,Leeds,Sheffield,30-05-2025,01-06-2025,ST0339,586,Rail,259.11,1080.65,Met,CUST1182,Postpaid
SHP000690,H083,Birmingham,Leicester,23-07-2025,25-07-2025,ST0169,479,Road,260.8,1356.48,Met,CUST1995,Prepaid
SHP000297,H190,Sheffield,Manchester,16-03-2025,22-03-2025,ST0735,1081,Air,262.36,2978.6,Breached,CUST1656,Postpaid
SHP000313,H206,Coventry,Birmingham,17-04-2025,19-04-2025,ST0049,546,Road,262.97,2654.1,Met,CUST1961,Prepaid
SHP000057,H438,London,London,22-01-2025,24-01-2025,ST0777,653,Rail,263.34,1752.63,Met,CUST1597,Prepaid
SHP000687,H080,Birmingham,Coventry,01-05-2025,06-05-2025,ST0539,398,Road,264.21,976.9,Breached,CUST1033,Postpaid
SHP000326,H219,London,Leeds,11-02-2025,13-02-2025,ST0230,122,Road,264.55,473.44,Met,CUST1027,Postpaid
SHP000298,H191,Sheffield,London,17-05-2025,19-05-2025,ST0621,497,Air,265.31,2551.49,Met,CUST1343,Prepaid
SHP000596,H489,Leeds,Birmingham,04-07-2025,06-07-2025,ST0658,594,Air,265.51,1283.53,Met,CUST1192,Postpaid
SHP000497,H390,Liverpool,Birmingham,02-02-2025,08-02-2025,ST0473,196,Rail,266.29,2427.71,Breached,CUST1006,Prepaid
SHP000651,H044,Nottingham,Nottingham,08-02-2025,10-02-2025,ST0181,207,Rail,266.74,1178.88,Met,CUST1672,Prepaid
SHP000636,H029,Nottingham,Manchester,19-06-2025,21-06-2025,ST0256,1622,Road,267.41,2446.77,Met,CUST1881,Postpaid
SHP000246,H139,Birmingham,Nottingham,08-08-2025,10-08-2025,ST0329,388,Rail,271.46,2540.81,Met,CUST1604,Prepaid
SHP000760,H153,Birmingham,Bristol,30-03-2025,01-04-2025,ST0710,1196,Air,272.07,1082.92,Met,CUST1063,Postpaid
SHP000478,H371,Birmingham,London,27-04-2025,30-04-2025,ST0768,115,Rail,272.1,1609.92,Breached,CUST1214,Prepaid
SHP000124,H017,Manchester,Birmingham,22-07-2025,29-07-2025,ST0671,957,Air,272.24,940.25,Breached,CUST1377,Postpaid
SHP000385,H278,Leeds,Bristol,29-06-2025,04-07-2025,ST0593,402,Rail,276.23,1939.05,Breached,CUST1120,Prepaid
SHP000319,H212,Bristol,Bristol,10-04-2025,17-04-2025,ST0189,1490,Air,277.19,687.86,Breached,CUST1051,Postpaid
SHP000332,H225,Birmingham,Sheffield,18-04-2025,20-04-2025,ST0159,606,Rail,278.21,1990.68,Met,CUST1369,Postpaid
SHP000763,H156,Leicester,Bristol,26-05-2025,28-05-2025,ST0775,964,Air,282.18,1964.14,Met,CUST1053,Prepaid
SHP000444,H337,Leicester,Sheffield,03-08-2025,05-08-2025,ST0242,380,Rail,283.81,2157.21,Met,CUST1113,Prepaid
SHP000570,H463,Leicester,Leeds,08-04-2025,10-04-2025,ST0655,62,Air,284.5,1511.87,Met,CUST1231,Postpaid
SHP000573,H466,Birmingham,Liverpool,24-05-2025,26-05-2025,ST0337,403,Air,285.13,419.99,Met,CUST1400,Postpaid
SHP000595,H488,Nottingham,Bristol,05-06-2025,07-06-2025,ST0011,1266,Rail,285.25,2574.36,Met,CUST1516,Postpaid
SHP000251,H144,Coventry,Liverpool,25-05-2025,27-05-2025,ST0677,469,Road,285.94,1809.12,Met,CUST1277,Prepaid
SHP000097,H345,Leeds,Nottingham,08-08-2025,10-08-2025,ST0111,1732,Air,287.79,944.65,Met,CUST1667,Prepaid
SHP000716,H109,Bristol,Leicester,28-03-2025,30-03-2025,ST0499,1083,Rail,288.83,2006.42,Met,CUST1290,Postpaid
SHP000147,H040,Nottingham,Leicester,07-08-2025,09-08-2025,ST0056,345,Road,289.91,662.18,Met,CUST1281,Postpaid
SHP000456,H349,Birmingham,Birmingham,01-07-2025,03-07-2025,ST0202,1312,Road,290.55,1965.56,Met,CUST1783,Prepaid
SHP000552,H445,Leeds,Bristol,30-04-2025,05-05-2025,ST0527,1595,Air,290.67,1917.73,Breached,CUST1453,Prepaid
SHP000659,H052,Liverpool,London,18-07-2025,20-07-2025,ST0169,1754,Road,292.75,2495.15,Met,CUST1977,Prepaid
SHP000341,H234,Leicester,Sheffield,26-04-2025,03-05-2025,ST0325,864,Air,293.54,1476.5,Breached,CUST1759,Prepaid
SHP000256,H149,Sheffield,Nottingham,22-08-2025,27-08-2025,ST0747,1370,Road,293.72,1722.21,Breached,CUST1759,Postpaid
SHP000330,H223,Coventry,Manchester,09-06-2025,11-06-2025,ST0363,380,Rail,294.66,2045.57,Met,CUST1153,Postpaid
SHP000410,H303,Liverpool,Nottingham,19-08-2025,27-08-2025,ST0608,938,Rail,294.68,1995.43,Breached,CUST1800,Postpaid
SHP000436,H329,Bristol,Birmingham,21-04-2025,23-04-2025,ST0695,1024,Air,294.75,1902.8,Met,CUST1959,Prepaid
SHP000038,H006,Nottingham,Liverpool,11-02-2025,18-02-2025,ST0443,526,Rail,295.1,846.6,Breached,CUST1006,Prepaid
SHP000766,H159,Nottingham,London,04-01-2025,06-01-2025,ST0730,1482,Rail,296.04,1435.15,Met,CUST1626,Postpaid
SHP000102,H030,Manchester,Bristol,30-03-2025,01-04-2025,ST0497,1166,Rail,296.8,2166.3,Met,CUST1165,Postpaid
SHP000771,H164,Leicester,London,28-05-2025,30-05-2025,ST0183,1274,Air,297.18,1221.84,Met,CUST1186,Prepaid
SHP000098,H233,London,Leeds,10-04-2025,12-04-2025,ST0153,1412,Air,298.43,2873.89,Met,CUST1355,Prepaid
SHP000018,H230,Sheffield,Nottingham,30-01-2025,01-02-2025,ST0292,342,Air,299.21,603.23,Met,CUST1064,Prepaid
SHP000498,H391,Leeds,Leicester,12-02-2025,14-02-2025,ST0589,83,Rail,300.8,2764.57,Met,CUST1706,Prepaid
SHP000610,H003,Birmingham,Nottingham,22-01-2025,26-01-2025,ST0699,409,Air,302.26,1320.27,Breached,CUST1896,Prepaid
SHP000071,H472,Sheffield,Birmingham,07-02-2025,09-02-2025,ST0618,371,Air,302.39,1446.61,Met,CUST1282,Postpaid
SHP000776,H169,London,Sheffield,30-05-2025,01-06-2025,ST0550,1755,Road,304.33,1200.75,Met,CUST1091,Prepaid
SHP000520,H413,Birmingham,Sheffield,06-04-2025,08-04-2025,ST0549,1094,Road,304.51,1521.44,Met,CUST1911,Postpaid
SHP000608,H001,Manchester,Birmingham,27-04-2025,01-05-2025,ST0252,1283,Air,305.42,874.88,Breached,CUST1367,Prepaid
SHP000265,H158,Manchester,London,27-01-2025,29-01-2025,ST0470,1457,Road,308.35,1976.88,Met,CUST1948,Postpaid
SHP000709,H102,Birmingham,London,25-03-2025,31-03-2025,ST0023,174,Rail,308.68,1104.64,Breached,CUST1330,Postpaid
SHP000150,H043,Leeds,Liverpool,08-06-2025,10-06-2025,ST0180,1800,Air,308.8,1188.54,Met,CUST1745,Postpaid
SHP000677,H070,Birmingham,Bristol,02-03-2025,06-03-2025,ST0199,1661,Air,311.19,1141.94,Breached,CUST1588,Prepaid
SHP000698,H091,London,Liverpool,25-05-2025,30-05-2025,ST0316,152,Rail,311.36,682.96,Breached,CUST1186,Prepaid
SHP000672,H065,London,Leicester,12-07-2025,14-07-2025,ST0248,513,Air,312.41,810.12,Met,CUST1213,Postpaid
SHP000754,H147,Nottingham,Manchester,07-08-2025,09-08-2025,ST0677,1727,Rail,313.25,2714.58,Met,CUST1433,Prepaid
SHP000693,H086,Leicester,Bristol,20-02-2025,22-02-2025,ST0089,785,Rail,314.62,2845.66,Met,CUST1585,Postpaid
SHP000179,H072,London,Manchester,25-04-2025,27-04-2025,ST0206,672,Air,315.25,2567.48,Met,CUST1408,Prepaid
SHP000253,H146,Birmingham,Nottingham,07-06-2025,09-06-2025,ST0727,733,Road,315.9,461.22,Met,CUST1941,Prepaid
SHP000724,H117,Leeds,Manchester,15-05-2025,17-05-2025,ST0292,1162,Air,316.18,1462.31,Met,CUST1891,Prepaid
SHP000748,H141,Bristol,Coventry,16-07-2025,18-07-2025,ST0365,751,Air,316.42,1457.54,Met,CUST1566,Postpaid
SHP000315,H208,Liverpool,Manchester,16-04-2025,23-04-2025,ST0616,369,Road,316.51,1000.16,Breached,CUST1415,Prepaid
SHP000538,H431,Leicester,London,15-01-2025,17-01-2025,ST0162,158,Road,318.6,1853.68,Met,CUST1666,Postpaid
SHP000451,H344,Birmingham,Nottingham,27-04-2025,29-04-2025,ST0461,1426,Road,320.04,2675.4,Met,CUST1067,Postpaid
SHP000310,H203,Manchester,Nottingham,19-07-2025,21-07-2025,ST0541,1118,Air,320.16,1773.02,Met,CUST1577,Prepaid
SHP000800,H193,Coventry,Manchester,15-08-2025,17-08-2025,ST0126,320,Rail,320.45,329.52,Met,CUST1505,Prepaid
SHP000028,H375,London,Sheffield,26-02-2025,28-02-2025,ST0647,1662,Air,320.85,2167.58,Met,CUST1632,Postpaid
SHP000081,H122,Leeds,Sheffield,09-07-2025,17-07-2025,ST0055,1731,Road,322.53,2514.96,Breached,CUST1859,Prepaid
SHP000275,H168,Birmingham,London,12-05-2025,14-05-2025,ST0240,1060,Road,323.25,1483.56,Met,CUST1467,Postpaid
SHP000158,H051,Birmingham,Manchester,27-03-2025,29-03-2025,ST0761,539,Air,323.83,1847.09,Met,CUST1611,Prepaid
SHP000795,H188,Bristol,Leicester,24-04-2025,26-04-2025,ST0588,1753,Air,324.95,1095.87,Met,CUST1727,Prepaid
SHP000207,H100,Coventry,Birmingham,20-01-2025,24-01-2025,ST0117,1637,Road,325.55,2677.21,Breached,CUST1724,Postpaid
SHP000083,H457,Liverpool,London,22-07-2025,25-07-2025,ST0125,746,Rail,325.9,2434.82,Breached,CUST1049,Prepaid
SHP000566,H459,Bristol,London,28-04-2025,30-04-2025,ST0047,1327,Air,326.54,1481.95,Met,CUST1484,Postpaid
SHP000390,H283,Birmingham,Sheffield,10-04-2025,12-04-2025,ST0663,394,Air,328.15,1406.99,Met,CUST1663,Postpaid
SHP000627,H020,Leeds,Bristol,09-01-2025,11-01-2025,ST0173,626,Air,328.34,1602.64,Met,CUST1897,Postpaid
SHP000405,H298,Sheffield,Coventry,14-04-2025,16-04-2025,ST0244,1769,Air,329.05,2056.81,Met,CUST1785,Postpaid
SHP000583,H476,Leicester,Nottingham,20-04-2025,22-04-2025,ST0261,1135,Road,329.78,1445.78,Met,CUST1900,Prepaid
SHP000592,H485,Leicester,Manchester,14-08-2025,16-08-2025,ST0431,128,Rail,330.95,2767.46,Met,CUST1897,Prepaid
SHP000463,H356,Manchester,Bristol,12-08-2025,14-08-2025,ST0500,1092,Road,332.69,2077.28,Met,CUST1940,Postpaid
SHP000004,H067,Leeds,Sheffield,27-06-2025,04-02-2025,ST0605,476,Road,332.85,1511.58,Met,CUST1894,Postpaid
SHP000540,H433,Liverpool,Leeds,25-08-2025,27-08-2025,ST0713,720,Rail,333.52,2611.86,Met,CUST1689,Prepaid
SHP000144,H037,Manchester,Nottingham,14-08-2025,22-08-2025,ST0477,1595,Road,333.86,2583.92,Breached,CUST1275,Prepaid
SHP000339,H232,London,Coventry,01-04-2025,03-04-2025,ST0716,219,Rail,335.7,418.11,Met,CUST1960,Postpaid
SHP000192,H085,Coventry,Birmingham,29-06-2025,01-07-2025,ST0394,1024,Road,335.75,1254.37,Met,CUST1811,Prepaid
SHP000587,H480,Leeds,Liverpool,12-08-2025,14-08-2025,ST0727,1212,Air,336.24,1341.08,Met,CUST1964,Postpaid
SHP000591,H484,Manchester,Leicester,23-03-2025,25-03-2025,ST0171,1351,Road,336.95,2315.68,Met,CUST1402,Prepaid
SHP000084,H238,Liverpool,Liverpool,29-06-2025,01-07-2025,ST0372,1299,Road,337.18,428.29,Met,CUST1938,Postpaid
SHP000194,H087,Bristol,Manchester,22-08-2025,24-08-2025,ST0795,1329,Air,337.97,2967.66,Met,CUST1636,Postpaid
SHP000616,H009,Leicester,Manchester,08-01-2025,10-01-2025,ST0368,869,Air,338.15,427.85,Met,CUST1077,Postpaid
SHP000032,H225,London,Coventry,06-01-2025,08-01-2025,ST0300,146,Road,340.14,1507.95,Met,CUST1345,Prepaid
SHP000200,H093,Leicester,Nottingham,22-08-2025,24-08-2025,ST0750,1598,Road,341.52,2996.32,Met,CUST1537,Prepaid
SHP000161,H054,Liverpool,London,13-07-2025,15-07-2025,ST0458,461,Road,341.99,722.7,Met,CUST1845,Prepaid
SHP000614,H007,Leicester,Sheffield,06-03-2025,08-03-2025,ST0594,1720,Road,342.2,1513.45,Met,CUST1063,Postpaid
SHP000262,H155,Liverpool,London,06-02-2025,12-02-2025,ST0331,1493,Air,342.39,1001.24,Breached,CUST1343,Postpaid
SHP000277,H170,Bristol,Sheffield,23-02-2025,02-03-2025,ST0108,639,Rail,343.16,1181.55,Breached,CUST1208,Postpaid
SHP000191,H084,Nottingham,Manchester,19-05-2025,26-05-2025,ST0476,1444,Air,343.26,487.2,Breached,CUST1961,Prepaid
SHP000443,H336,Manchester,London,27-02-2025,01-03-2025,ST0408,924,Air,343.3,1826.37,Met,CUST1275,Postpaid
SHP000370,H263,Nottingham,Leicester,25-02-2025,27-02-2025,ST0630,289,Air,345.36,2066.38,Met,CUST1231,Postpaid
SHP000337,H230,Leicester,Sheffield,04-03-2025,06-03-2025,ST0206,1511,Air,345.43,1796.07,Met,CUST1176,Postpaid
SHP000386,H279,Birmingham,Coventry,16-06-2025,20-06-2025,ST0741,1388,Road,345.55,1444.49,Breached,CUST1730,Prepaid
SHP000250,H143,Sheffield,Liverpool,23-05-2025,25-05-2025,ST0260,1318,Air,346.78,2721.77,Met,CUST1592,Postpaid
SHP000345,H238,Birmingham,London,18-04-2025,20-04-2025,ST0183,549,Road,348.1,2941.73,Met,CUST1121,Prepaid
SHP000408,H301,Manchester,Liverpool,27-06-2025,04-07-2025,ST0090,1069,Air,348.96,2953.77,Breached,CUST1984,Postpaid
SHP000418,H311,Leeds,Bristol,26-02-2025,28-02-2025,ST0161,1714,Road,349.52,1464.5,Met,CUST1097,Prepaid
SHP000308,H201,Bristol,Leeds,18-07-2025,21-07-2025,ST0701,1177,Road,350.05,1377.09,Breached,CUST1791,Prepaid
SHP000447,H340,Birmingham,Coventry,12-04-2025,14-04-2025,ST0575,337,Air,350.26,533.98,Met,CUST1679,Prepaid
SHP000745,H138,Leicester,Birmingham,08-05-2025,10-05-2025,ST0697,676,Road,351.28,2278.08,Met,CUST1565,Prepaid
SHP000732,H125,Nottingham,London,04-08-2025,10-08-2025,ST0435,307,Road,352.29,1509.16,Breached,CUST1542,Postpaid
SHP000686,H079,Liverpool,Liverpool,10-06-2025,12-06-2025,ST0302,1627,Rail,352.39,1744.93,Met,CUST1948,Postpaid
SHP000199,H092,London,Leeds,25-05-2025,27-05-2025,ST0344,83,Air,353.5,2098.08,Met,CUST1311,Prepaid
SHP000045,H433,Bristol,Sheffield,30-04-2025,02-05-2025,ST0272,374,Road,353.65,2758.28,Met,CUST1155,Postpaid
SHP000202,H095,Liverpool,Coventry,10-03-2025,12-03-2025,ST0508,852,Air,354.77,2761.1,Met,CUST1140,Prepaid
SHP000611,H004,Birmingham,Liverpool,07-05-2025,09-05-2025,ST0118,148,Road,355.61,1845.49,Met,CUST1446,Prepaid
SHP000453,H346,Liverpool,Sheffield,12-08-2025,14-08-2025,ST0365,1041,Rail,357.22,1366.5,Met,CUST1850,Postpaid
SHP000609,H002,Liverpool,Leicester,26-04-2025,28-04-2025,ST0015,354,Rail,357.66,2536.05,Met,CUST1508,Prepaid
SHP000047,H031,London,Nottingham,21-02-2025,23-02-2025,ST0397,1444,Road,359.07,2168.18,Met,CUST1231,Postpaid
SHP000186,H079,London,Manchester,20-07-2025,22-07-2025,ST0056,1528,Air,359.91,2554.12,Met,CUST1819,Prepaid
SHP000023,H068,Leicester,Manchester,04-03-2025,06-03-2025,ST0712,1746,Rail,362.33,1928.13,Met,CUST1511,Postpaid
SHP000148,H041,Sheffield,Manchester,29-08-2025,03-09-2025,ST0356,1717,Road,362.36,2184.54,Breached,CUST1641,Prepaid
SHP000731,H124,Leeds,Leeds,09-07-2025,11-07-2025,ST0243,700,Air,362.87,900.04,Met,CUST1128,Postpaid
SHP000794,H187,Leicester,Liverpool,20-06-2025,22-06-2025,ST0232,693,Rail,363.63,2244.45,Met,CUST1378,Prepaid
SHP000395,H288,Bristol,Liverpool,10-07-2025,12-07-2025,ST0754,1170,Rail,365.45,326.55,Met,CUST1560,Postpaid
SHP000798,H191,Birmingham,Bristol,16-08-2025,18-08-2025,ST0388,936,Road,365.51,2324.31,Met,CUST1142,Postpaid
SHP000378,H271,Nottingham,London,10-08-2025,15-08-2025,ST0282,1019,Road,365.77,2966.38,Breached,CUST1811,Prepaid
SHP000762,H155,Leeds,Manchester,11-07-2025,13-07-2025,ST0618,1419,Rail,366.63,466.52,Met,CUST1032,Postpaid
SHP000467,H360,Manchester,Manchester,30-04-2025,02-05-2025,ST0165,433,Road,366.91,1213.67,Met,CUST1383,Postpaid
SHP000331,H224,Manchester,Coventry,23-03-2025,29-03-2025,ST0333,1016,Road,367.88,2345.31,Breached,CUST1507,Prepaid
SHP000409,H302,Liverpool,Birmingham,11-07-2025,13-07-2025,ST0567,534,Air,367.93,1917.65,Met,CUST1514,Postpaid
SHP000088,H149,London,London,25-07-2025,27-07-2025,ST0260,1788,Road,368.31,1921.3,Met,CUST1111,Postpaid
SHP000551,H444,Leicester,London,24-02-2025,27-02-2025,ST0206,464,Road,369.04,2646.7,Breached,CUST1867,Postpaid
SHP000173,H066,Bristol,Nottingham,18-03-2025,20-03-2025,ST0541,1577,Air,369.33,800.63,Met,CUST1784,Prepaid
SHP000359,H252,Sheffield,Leicester,29-06-2025,05-07-2025,ST0557,1436,Road,369.92,1833.14,Breached,CUST1172,Postpaid
SHP000160,H053,Leicester,Manchester,28-02-2025,07-03-2025,ST0093,1309,Air,369.99,2071.55,Breached,CUST1433,Postpaid
SHP000721,H114,Nottingham,Coventry,08-01-2025,10-01-2025,ST0022,477,Rail,371.03,579.19,Met,CUST1173,Prepaid
SHP000104,H138,Manchester,Liverpool,17-02-2025,19-02-2025,ST0702,1285,Air,371.73,2700.94,Met,CUST1184,Prepaid
SHP000111,H004,Liverpool,Nottingham,24-08-2025,26-08-2025,ST0641,356,Rail,371.87,1131.19,Met,CUST1956,Prepaid
SHP000764,H157,Birmingham,Bristol,06-08-2025,13-08-2025,ST0467,811,Air,372.69,1762.05,Breached,CUST1939,Prepaid
SHP000305,H198,Sheffield,Manchester,06-05-2025,08-05-2025,ST0071,909,Road,374.5,1162.03,Met,CUST1594,Prepaid
SHP000506,H399,Manchester,London,22-05-2025,24-05-2025,ST0507,1410,Road,376.45,568.16,Met,CUST1806,Postpaid
SHP000556,H449,Coventry,Sheffield,02-05-2025,07-05-2025,ST0373,632,Air,378.14,1787.87,Breached,CUST1298,Postpaid
SHP000333,H226,Coventry,Birmingham,12-04-2025,14-04-2025,ST0342,994,Air,378.6,2067.57,Met,CUST1575,Postpaid
SHP000342,H235,Birmingham,London,08-08-2025,10-08-2025,ST0781,1383,Rail,378.99,2615.89,Met,CUST1642,Prepaid
SHP000502,H395,Leicester,Bristol,08-03-2025,12-03-2025,ST0497,1246,Road,379.93,1213.46,Breached,CUST1269,Prepaid
SHP000276,H169,Leeds,Nottingham,21-04-2025,25-04-2025,ST0625,233,Rail,380.34,1613.75,Breached,CUST1916,Prepaid
SHP000241,H134,Liverpool,London,06-07-2025,08-07-2025,ST0096,1662,Road,380.89,1524.29,Met,CUST1391,Prepaid
SHP000352,H245,Bristol,Coventry,08-08-2025,10-08-2025,ST0286,305,Road,381.3,945.84,Met,CUST1308,Prepaid
SHP000744,H137,London,Bristol,30-06-2025,02-07-2025,ST0444,938,Rail,383.35,2669.56,Met,CUST1824,Postpaid
SHP000751,H144,Leeds,Sheffield,27-03-2025,29-03-2025,ST0672,289,Air,384.14,1080.76,Met,CUST1695,Prepaid
SHP000466,H359,Bristol,Birmingham,13-01-2025,15-01-2025,ST0464,405,Air,385.89,2053.6,Met,CUST1529,Postpaid
SHP000669,H062,Manchester,Sheffield,26-01-2025,02-02-2025,ST0135,1531,Air,386.29,1567.89,Breached,CUST1480,Prepaid
SHP000350,H243,Sheffield,Leicester,08-05-2025,15-05-2025,ST0651,647,Road,386.59,1117.76,Breached,CUST1525,Postpaid
SHP000055,H217,Coventry,Leeds,09-04-2025,11-04-2025,ST0785,692,Air,387.2,2357.58,Met,CUST1421,Prepaid
SHP000662,H055,Bristol,Bristol,27-01-2025,01-02-2025,ST0494,886,Road,387.47,371.49,Breached,CUST1990,Prepaid
SHP000558,H451,London,Leeds,03-05-2025,05-05-2025,ST0062,1473,Rail,388.23,1390.19,Met,CUST1839,Prepaid
SHP000159,H052,Bristol,Birmingham,06-01-2025,11-01-2025,ST0730,398,Road,388.92,398.62,Breached,CUST1322,Prepaid
SHP000719,H112,Nottingham,Leicester,02-02-2025,04-02-2025,ST0677,430,Road,390.09,1694.72,Met,CUST1923,Postpaid
SHP000707,H100,Birmingham,Bristol,18-01-2025,20-01-2025,ST0442,268,Air,390.3,2214.37,Met,CUST1097,Prepaid
SHP000015,H057,Manchester,Bristol,07-06-2025,09-06-2025,ST0105,1188,Air,390.4,2511.26,Met,CUST1146,Postpaid
SHP000590,H483,Nottingham,Coventry,19-03-2025,25-03-2025,ST0426,260,Air,393.62,2631.49,Breached,CUST1950,Postpaid
SHP000788,H181,Bristol,Sheffield,19-02-2025,21-02-2025,ST0769,1605,Rail,394.6,2815.05,Met,CUST1287,Postpaid
SHP000623,H016,Liverpool,Bristol,02-03-2025,04-03-2025,ST0531,266,Rail,395.89,2902.81,Met,CUST1874,Postpaid
SHP000243,H136,Bristol,Coventry,04-06-2025,06-06-2025,ST0294,1690,Road,396.67,2588.36,Met,CUST1148,Postpaid
SHP000647,H040,Liverpool,Nottingham,17-03-2025,19-03-2025,ST0022,87,Road,397.61,2844.11,Met,CUST1665,Prepaid
SHP000575,H468,London,London,29-07-2025,31-07-2025,ST0078,1425,Road,397.82,2402.58,Met,CUST1125,Postpaid
SHP000077,H211,Nottingham,London,10-07-2025,12-07-2025,ST0511,1091,Air,397.91,1656.46,Met,CUST1974,Postpaid
SHP000208,H101,Leeds,Leicester,05-06-2025,10-06-2025,ST0332,1320,Road,398.95,1551.08,Breached,CUST1304,Prepaid
SHP000557,H450,Bristol,Manchester,07-01-2025,09-01-2025,ST0071,1101,Road,399.53,2080.22,Met,CUST1678,Prepaid
SHP000639,H032,Coventry,Birmingham,23-06-2025,30-06-2025,ST0690,865,Air,399.64,2123.57,Breached,CUST1083,Postpaid
SHP000133,H026,Liverpool,London,21-06-2025,23-06-2025,ST0289,751,Road,399.66,1987,Met,CUST1470,Prepaid
SHP000094,H479,Manchester,Manchester,21-03-2025,25-03-2025,ST0146,1294,Road,399.81,2190.35,Breached,CUST1385,Postpaid
SHP000641,H034,Leicester,Leeds,29-04-2025,02-05-2025,ST0006,575,Rail,402.8,2295.97,Breached,CUST1021,Postpaid
SHP000726,H119,Birmingham,Liverpool,02-03-2025,09-03-2025,ST0342,310,Rail,403.6,2624.01,Breached,CUST1079,Prepaid
SHP000230,H123,Nottingham,Bristol,20-03-2025,22-03-2025,ST0106,626,Air,404.9,1135.75,Met,CUST1691,Prepaid
SHP000619,H012,Manchester,Manchester,24-05-2025,30-05-2025,ST0778,1390,Rail,405.01,1707.81,Breached,CUST1793,Postpaid
SHP000349,H242,Leeds,Sheffield,07-01-2025,09-01-2025,ST0307,1749,Road,405.11,449.07,Met,CUST1687,Postpaid
SHP000461,H354,Liverpool,Bristol,18-06-2025,24-06-2025,ST0691,1396,Air,406.37,2404.03,Breached,CUST1172,Postpaid
SHP000325,H218,London,Liverpool,14-05-2025,16-05-2025,ST0352,948,Road,407.04,1224.55,Met,CUST1928,Postpaid
SHP000056,H461,London,Nottingham,09-06-2025,13-06-2025,ST0450,1013,Rail,410.2,347.4,Breached,CUST1995,Prepaid
SHP000073,H318,Birmingham,Liverpool,14-03-2025,20-03-2025,ST0086,386,Air,410.77,467.29,Breached,CUST1654,Postpaid
SHP000176,H069,Nottingham,London,09-07-2025,11-07-2025,ST0086,584,Rail,410.84,1492.19,Met,CUST1743,Postpaid
SHP000404,H297,Nottingham,Coventry,29-04-2025,01-05-2025,ST0514,1145,Road,411.5,1207.37,Met,CUST1657,Prepaid
SHP000324,H217,London,Nottingham,02-01-2025,04-01-2025,ST0582,194,Rail,411.64,899.98,Met,CUST1898,Prepaid
SHP000007,H249,London,London,01-04-2025,03-04-2025,ST0115,458,Road,411.81,1518.4,Met,CUST1099,Prepaid
SHP000099,H048,Birmingham,London,01-01-2025,03-01-2025,ST0104,182,Rail,412.58,1832.92,Met,CUST1769,Postpaid
SHP000228,H121,Coventry,Liverpool,18-08-2025,20-08-2025,ST0290,238,Rail,413.43,2212.8,Met,CUST1423,Postpaid
SHP000419,H312,Leicester,London,04-05-2025,06-05-2025,ST0499,92,Road,414.09,2171.1,Met,CUST1419,Prepaid
SHP000156,H049,Liverpool,Leicester,07-04-2025,11-04-2025,ST0584,1115,Rail,415.27,1493.87,Breached,CUST1811,Postpaid
SHP000753,H146,Leeds,London,27-02-2025,04-03-2025,ST0457,267,Rail,415.73,768.33,Breached,CUST1623,Postpaid
SHP000799,H192,Nottingham,Liverpool,21-06-2025,28-06-2025,ST0241,1338,Road,417.5,770.9,Breached,CUST1364,Postpaid
SHP000615,H008,Coventry,Bristol,16-06-2025,18-06-2025,ST0529,1308,Road,418.92,1279.97,Met,CUST1351,Postpaid
SHP000197,H090,Birmingham,Bristol,16-08-2025,18-08-2025,ST0259,535,Air,419.62,2104.52,Met,CUST1591,Postpaid
SHP000509,H402,Sheffield,Leeds,10-02-2025,12-02-2025,ST0317,1214,Rail,421.61,1740.67,Met,CUST1088,Prepaid
SHP000299,H192,Birmingham,Birmingham,25-01-2025,27-01-2025,ST0793,1086,Air,421.78,1440.26,Met,CUST1730,Prepaid
SHP000508,H401,Liverpool,Nottingham,02-04-2025,04-04-2025,ST0196,1557,Rail,422.01,2914.51,Met,CUST1504,Prepaid
SHP000219,H112,Leicester,Birmingham,05-07-2025,10-07-2025,ST0355,1216,Road,422.43,346.12,Breached,CUST1817,Prepaid
SHP000039,H203,Leicester,Manchester,22-03-2025,24-03-2025,ST0109,502,Rail,422.6,988.83,Met,CUST1716,Postpaid
SHP000792,H185,Leicester,Coventry,18-06-2025,23-06-2025,ST0074,96,Road,423.07,429.34,Breached,CUST1151,Prepaid
SHP000785,H178,Birmingham,Leicester,02-03-2025,04-03-2025,ST0019,547,Air,423.25,2099.38,Met,CUST1364,Postpaid
SHP000126,H019,Liverpool,Liverpool,08-01-2025,10-01-2025,ST0520,360,Rail,423.7,2937.38,Met,CUST1570,Prepaid
SHP000440,H333,Bristol,Sheffield,17-03-2025,19-03-2025,ST0550,450,Air,425.13,1345.6,Met,CUST1774,Prepaid
SHP000778,H171,Leeds,Manchester,04-04-2025,10-04-2025,ST0180,182,Air,428.21,498.65,Breached,CUST1511,Postpaid
SHP000793,H186,Manchester,Bristol,08-07-2025,10-07-2025,ST0322,482,Road,430.32,2815.79,Met,CUST1728,Postpaid
SHP000441,H334,Manchester,Manchester,20-06-2025,22-06-2025,ST0388,1788,Rail,432.01,1024.3,Met,CUST1921,Prepaid
SHP000493,H386,London,Bristol,28-07-2025,30-07-2025,ST0557,97,Rail,433.75,2086.72,Met,CUST1875,Postpaid
SHP000189,H082,Manchester,Sheffield,12-02-2025,18-02-2025,ST0446,1643,Air,433.85,337.29,Breached,CUST1277,Prepaid
SHP000162,H055,Leicester,Birmingham,13-07-2025,15-07-2025,ST0303,1760,Air,434.31,1340.16,Met,CUST1445,Prepaid
SHP000280,H173,Leicester,Sheffield,05-02-2025,07-02-2025,ST0269,1417,Road,434.53,2853.68,Met,CUST1984,Prepaid
SHP000604,H497,Liverpool,London,27-03-2025,03-04-2025,ST0717,654,Road,434.67,2629.49,Breached,CUST1304,Postpaid
SHP000713,H106,Manchester,Manchester,01-08-2025,09-08-2025,ST0330,78,Road,435.12,2627.62,Breached,CUST1182,Postpaid
SHP000235,H128,Bristol,Sheffield,06-02-2025,10-02-2025,ST0429,1118,Rail,435.18,1101.89,Breached,CUST1901,Prepaid
SHP000458,H351,Leeds,Nottingham,31-03-2025,04-04-2025,ST0601,437,Air,435.55,2628.17,Breached,CUST1967,Prepaid
SHP000196,H089,Leicester,Coventry,02-05-2025,04-05-2025,ST0007,1275,Air,437.25,806.31,Met,CUST1816,Prepaid
SHP000363,H256,Leicester,Bristol,16-04-2025,18-04-2025,ST0640,257,Road,437.55,577.19,Met,CUST1593,Prepaid
SHP000689,H082,Birmingham,Leeds,04-08-2025,06-08-2025,ST0151,1236,Road,438.56,2345.62,Met,CUST1944,Postpaid
SHP000482,H375,Bristol,Bristol,15-03-2025,17-03-2025,ST0688,1186,Road,440.38,1224.28,Met,CUST1190,Postpaid
SHP000485,H378,Birmingham,Liverpool,17-06-2025,19-06-2025,ST0680,262,Rail,440.83,1313.9,Met,CUST1320,Prepaid
SHP000524,H417,Leicester,Sheffield,21-01-2025,29-01-2025,ST0181,1311,Road,441.3,2054.64,Breached,CUST1805,Prepaid
SHP000510,H403,Coventry,London,27-03-2025,02-04-2025,ST0750,876,Air,441.31,1879.3,Breached,CUST1120,Prepaid
SHP000248,H141,London,Bristol,27-02-2025,01-03-2025,ST0088,743,Air,442.64,1768.37,Met,CUST1370,Prepaid
SHP000517,H410,Coventry,Manchester,12-03-2025,14-03-2025,ST0778,525,Road,442.95,2079.15,Met,CUST1964,Prepaid
SHP000249,H142,Bristol,Liverpool,22-03-2025,24-03-2025,ST0513,143,Rail,444.04,2393.33,Met,CUST1350,Postpaid
SHP000101,H038,Coventry,Birmingham,10-02-2025,18-02-2025,ST0728,1496,Road,445.67,1834.35,Breached,CUST1179,Postpaid
SHP000064,H464,London,Coventry,03-01-2025,11-01-2025,ST0460,999,Road,449.9,1974.21,Breached,CUST1583,Prepaid
SHP000663,H056,Liverpool,Sheffield,21-07-2025,23-07-2025,ST0272,455,Road,450.52,2051.86,Met,CUST1486,Postpaid
SHP000432,H325,Nottingham,London,01-04-2025,03-04-2025,ST0254,1076,Rail,450.7,1326.36,Met,CUST1080,Postpaid
SHP000168,H061,Bristol,London,13-08-2025,15-08-2025,ST0468,362,Road,451,2191.03,Met,CUST1686,Prepaid
SHP000290,H183,Leicester,Leeds,16-03-2025,22-03-2025,ST0308,1148,Road,454.35,976.81,Breached,CUST1585,Postpaid
SHP000519,H412,Nottingham,London,24-04-2025,26-04-2025,ST0578,339,Rail,454.39,2575.65,Met,CUST1474,Prepaid
SHP000741,H134,Birmingham,Manchester,04-04-2025,06-04-2025,ST0287,1699,Road,454.86,2696.89,Met,CUST1021,Postpaid
SHP000027,H347,Leeds,Liverpool,27-06-2025,01-07-2025,ST0086,818,Road,455.55,2931.69,Breached,CUST1178,Prepaid
SHP000730,H123,London,London,21-07-2025,29-07-2025,ST0627,997,Air,457.75,2375.68,Breached,CUST1927,Postpaid
SHP000120,H013,Birmingham,Bristol,26-04-2025,28-04-2025,ST0194,420,Rail,458.34,1762.97,Met,CUST1058,Postpaid
SHP000393,H286,Leicester,London,31-05-2025,02-06-2025,ST0298,643,Air,460.73,2480.29,Met,CUST1936,Postpaid
SHP000285,H178,Bristol,Liverpool,16-01-2025,18-01-2025,ST0776,110,Road,460.78,2531.31,Met,CUST1406,Postpaid
SHP000127,H020,Birmingham,Sheffield,21-06-2025,28-06-2025,ST0549,794,Rail,461.26,2257.48,Breached,CUST1551,Prepaid
SHP000281,H174,Leeds,Bristol,08-08-2025,10-08-2025,ST0049,1789,Rail,461.44,1119.17,Met,CUST1596,Prepaid
SHP000712,H105,Sheffield,Manchester,20-04-2025,22-04-2025,ST0738,659,Road,461.49,1746.29,Met,CUST1926,Postpaid
SHP000629,H022,Liverpool,Birmingham,21-03-2025,23-03-2025,ST0291,180,Air,461.92,2963.72,Met,CUST1292,Postpaid
SHP000642,H035,London,Leeds,18-02-2025,20-02-2025,ST0587,872,Road,462.43,2162.61,Met,CUST1942,Prepaid
SHP000044,H453,Birmingham,Liverpool,27-06-2025,30-06-2025,ST0792,1297,Air,464.14,679.39,Breached,CUST1883,Postpaid
SHP000198,H091,Leeds,Leeds,10-04-2025,12-04-2025,ST0640,452,Air,464.48,2313.91,Met,CUST1930,Postpaid
SHP000492,H385,Birmingham,Nottingham,20-05-2025,22-05-2025,ST0567,236,Rail,465.37,876.81,Met,CUST1967,Postpaid
SHP000344,H237,Birmingham,Leicester,28-07-2025,30-07-2025,ST0541,783,Road,465.64,2247.6,Met,CUST1917,Postpaid
SHP000406,H299,Sheffield,Birmingham,06-08-2025,08-08-2025,ST0097,384,Rail,466.29,2833.76,Met,CUST1164,Prepaid
SHP000065,H387,Leeds,Manchester,16-06-2025,20-06-2025,ST0231,674,Road,467.7,562.38,Breached,CUST1429,Postpaid
SHP000612,H005,Manchester,Bristol,30-06-2025,02-07-2025,ST0172,167,Rail,468.08,1201.52,Met,CUST1280,Prepaid
SHP000407,H300,Coventry,Leicester,03-06-2025,05-06-2025,ST0100,708,Rail,469.15,632.51,Met,CUST1756,Prepaid
SHP000598,H491,Leeds,Sheffield,14-02-2025,16-02-2025,ST0587,530,Road,469.56,2734.65,Met,CUST1132,Prepaid
SHP000134,H027,Manchester,Sheffield,15-04-2025,19-04-2025,ST0742,1171,Air,470.71,2598.53,Breached,CUST1848,Prepaid
SHP000214,H107,Birmingham,Nottingham,06-03-2025,08-03-2025,ST0472,405,Air,472.97,2863.39,Met,CUST1723,Prepaid
SHP000355,H248,Manchester,Manchester,16-02-2025,24-02-2025,ST0042,1264,Rail,473.95,928.04,Breached,CUST1891,Postpaid
SHP000034,H102,Leeds,Bristol,01-07-2025,03-07-2025,ST0718,1098,Road,475.34,378.45,Met,CUST1613,Prepaid
SHP000717,H110,Sheffield,Bristol,07-06-2025,09-06-2025,ST0097,1701,Rail,477.25,1612.25,Met,CUST1598,Prepaid
SHP000236,H129,Bristol,Bristol,15-01-2025,17-01-2025,ST0475,590,Air,477.84,845.09,Met,CUST1793,Postpaid
SHP000459,H352,Leicester,London,06-04-2025,13-04-2025,ST0434,73,Road,478.89,864.49,Breached,CUST1544,Prepaid
SHP000543,H436,Manchester,Nottingham,14-08-2025,21-08-2025,ST0036,508,Air,482.77,677.33,Breached,CUST1326,Prepaid
SHP000670,H063,Birmingham,Coventry,17-02-2025,22-02-2025,ST0744,1338,Air,483.18,2663.29,Breached,CUST1081,Prepaid
SHP000079,H233,Bristol,Birmingham,24-07-2025,26-07-2025,ST0327,1460,Road,483.55,1618.31,Met,CUST1559,Prepaid
SHP000035,H261,Manchester,Manchester,18-01-2025,20-01-2025,ST0423,505,Rail,484.28,1626.53,Met,CUST1823,Postpaid
SHP000025,H271,Coventry,Sheffield,11-02-2025,15-02-2025,ST0379,1481,Road,486.02,570.42,Breached,CUST1402,Postpaid
SHP000172,H065,Liverpool,Manchester,10-02-2025,14-02-2025,ST0716,323,Air,486.68,1221.07,Breached,CUST1083,Postpaid
SHP000531,H424,Sheffield,Nottingham,02-02-2025,09-02-2025,ST0589,1441,Air,487.03,1152.11,Breached,CUST1875,Postpaid
SHP000477,H370,Liverpool,Leeds,24-02-2025,26-02-2025,ST0197,947,Air,487.15,2988.45,Met,CUST1355,Prepaid
SHP000588,H481,Leeds,Birmingham,30-01-2025,01-02-2025,ST0425,648,Road,487.32,1187.44,Met,CUST1044,Postpaid
SHP000400,H293,Leeds,Nottingham,20-07-2025,22-07-2025,ST0180,314,Road,487.53,2313.62,Met,CUST1186,Postpaid
SHP000460,H353,Sheffield,Birmingham,12-01-2025,14-01-2025,ST0351,394,Road,487.98,2158.18,Met,CUST1818,Prepaid
SHP000307,H200,Bristol,Manchester,06-01-2025,08-01-2025,ST0002,52,Rail,488.21,1712.43,Met,CUST1251,Prepaid
SHP000790,H183,London,Leeds,16-04-2025,18-04-2025,ST0460,1127,Air,488.76,2173.45,Met,CUST1817,Postpaid
SHP000165,H058,Nottingham,Leicester,25-07-2025,27-07-2025,ST0438,1680,Rail,491.35,1847.28,Met,CUST1277,Prepaid
SHP000555,H448,Sheffield,Sheffield,14-03-2025,22-03-2025,ST0339,1158,Rail,492.2,1728.75,Breached,CUST1107,Postpaid
SHP000125,H018,Bristol,Birmingham,03-02-2025,05-02-2025,ST0416,186,Air,492.36,916.51,Met,CUST1871,Postpaid
SHP000115,H008,Leeds,Liverpool,26-08-2025,28-08-2025,ST0263,536,Rail,493.42,1617.8,Met,CUST1219,Prepaid
SHP000606,H499,Leicester,Leicester,07-04-2025,09-04-2025,ST0516,704,Rail,494.11,2836.5,Met,CUST1882,Prepaid
SHP000229,H122,Coventry,Liverpool,18-06-2025,20-06-2025,ST0109,1633,Road,494.84,844.94,Met,CUST1878,Prepaid
SHP000387,H280,Sheffield,Coventry,14-07-2025,16-07-2025,ST0385,330,Rail,494.84,1969.22,Met,CUST1938,Prepaid
SHP000653,H046,Leeds,Leeds,22-02-2025,24-02-2025,ST0453,840,Air,495.57,1789.36,Met,CUST1909,Prepaid
SHP000301,H194,Manchester,Liverpool,24-04-2025,26-04-2025,ST0646,67,Air,497,491.83,Met,CUST1333,Prepaid
SHP000435,H328,Leicester,Bristol,26-04-2025,28-04-2025,ST0216,712,Air,498.44,2632.19,Met,CUST1331,Postpaid
SHP000366,H259,Manchester,Liverpool,29-03-2025,31-03-2025,ST0688,407,Rail,500.2,1772.54,Met,CUST1347,Postpaid
SHP000391,H284,Liverpool,Leeds,20-01-2025,22-01-2025,ST0044,242,Road,501.08,313.13,Met,CUST1461,Prepaid
SHP000005,H194,Liverpool,Birmingham,28-06-2025,07-07-2025,ST0753,1543,Rail,501.67,2519.87,Breached,CUST1055,Prepaid
SHP000309,H202,Bristol,Leicester,08-01-2025,10-01-2025,ST0062,980,Rail,501.7,2608.71,Met,CUST1884,Prepaid
SHP000060,H074,Leicester,Bristol,02-04-2025,04-04-2025,ST0695,261,Rail,502.08,1206.98,Met,CUST1029,Postpaid
SHP000703,H096,Leicester,Leeds,25-06-2025,27-06-2025,ST0458,1121,Air,502.87,2138.47,Met,CUST1691,Postpaid
SHP000581,H474,Liverpool,Leeds,20-06-2025,22-06-2025,ST0678,904,Air,503.64,750.42,Met,CUST1911,Postpaid
SHP000469,H362,Manchester,Bristol,25-06-2025,28-06-2025,ST0703,1710,Rail,505.49,1699.81,Breached,CUST1270,Postpaid
SHP000580,H473,Leeds,Leicester,15-03-2025,17-03-2025,ST0520,609,Road,506.58,1377.06,Met,CUST1402,Postpaid
SHP000143,H036,Manchester,London,02-04-2025,04-04-2025,ST0313,583,Rail,507.28,943.63,Met,CUST1652,Postpaid
SHP000367,H260,London,Birmingham,08-02-2025,10-02-2025,ST0241,1385,Air,508.39,2142.62,Met,CUST1042,Prepaid
SHP000631,H024,Birmingham,London,22-07-2025,26-07-2025,ST0386,368,Air,509.52,1351.93,Breached,CUST1319,Prepaid
SHP000237,H130,Manchester,London,06-03-2025,08-03-2025,ST0627,371,Rail,510.17,1575.97,Met,CUST1279,Postpaid
SHP000090,H373,London,Nottingham,10-02-2025,12-02-2025,ST0398,1314,Air,511.78,1534.3,Met,CUST1082,Postpaid
SHP000465,H358,Liverpool,Manchester,22-06-2025,24-06-2025,ST0338,1334,Road,512.35,1340.16,Met,CUST1606,Postpaid
SHP000136,H029,Nottingham,Birmingham,11-06-2025,13-06-2025,ST0331,434,Rail,512.98,445.49,Met,CUST1575,Postpaid
SHP000752,H145,Sheffield,Nottingham,09-05-2025,11-05-2025,ST0367,275,Air,513.38,2586.02,Met,CUST1790,Postpaid
SHP000632,H025,Nottingham,Sheffield,25-01-2025,27-01-2025,ST0058,269,Road,513.47,1008.83,Met,CUST1435,Prepaid
SHP000288,H181,Bristol,Liverpool,13-05-2025,15-05-2025,ST0073,581,Road,514.7,1986.04,Met,CUST1846,Prepaid
SHP000564,H457,Bristol,Leeds,09-06-2025,17-06-2025,ST0484,919,Air,515.41,758.64,Breached,CUST1044,Prepaid
SHP000426,H319,Leeds,London,20-02-2025,22-02-2025,ST0427,684,Air,515.81,1878.5,Met,CUST1304,Prepaid
SHP000070,H305,Sheffield,Bristol,19-02-2025,21-02-2025,ST0371,1747,Road,515.93,2512.71,Met,CUST1095,Postpaid
SHP000473,H366,Leeds,Leicester,06-07-2025,10-07-2025,ST0725,316,Air,516.05,453.49,Breached,CUST1277,Postpaid
SHP000671,H064,Leicester,Birmingham,02-07-2025,04-07-2025,ST0704,197,Air,517.12,480.51,Met,CUST1393,Postpaid
SHP000705,H098,London,Bristol,15-08-2025,17-08-2025,ST0344,1210,Road,517.19,1343.77,Met,CUST1158,Prepaid
SHP000481,H374,London,Manchester,09-04-2025,11-04-2025,ST0554,202,Air,517.23,2638.79,Met,CUST1139,Prepaid
SHP000282,H175,Nottingham,Liverpool,27-03-2025,29-03-2025,ST0473,808,Road,517.41,1867.53,Met,CUST1281,Postpaid
SHP000031,H073,Bristol,Manchester,24-08-2025,26-08-2025,ST0570,55,Air,518.11,800.7,Met,CUST1334,Postpaid
SHP000649,H042,Coventry,Leeds,09-05-2025,11-05-2025,ST0105,1443,Road,518.35,1761.09,Met,CUST1497,Postpaid
SHP000353,H246,Sheffield,London,28-07-2025,04-08-2025,ST0540,474,Rail,520.49,2299.56,Breached,CUST1684,Postpaid
SHP000182,H075,Bristol,London,04-05-2025,06-05-2025,ST0377,1330,Air,520.56,1726.12,Met,CUST1700,Postpaid
SHP000630,H023,London,Leeds,15-04-2025,17-04-2025,ST0247,1044,Air,521.4,2978.71,Met,CUST1930,Prepaid
SHP000428,H321,Birmingham,Birmingham,09-02-2025,11-02-2025,ST0528,814,Road,521.82,2109.88,Met,CUST1297,Prepaid
SHP000645,H038,Bristol,Liverpool,13-06-2025,15-06-2025,ST0592,909,Air,522.76,1641.11,Met,CUST1293,Postpaid
SHP000430,H323,London,Leeds,16-03-2025,18-03-2025,ST0283,866,Rail,523.45,798.61,Met,CUST1748,Prepaid
SHP000494,H387,Sheffield,Liverpool,29-01-2025,31-01-2025,ST0063,1655,Road,526.31,2738.77,Met,CUST1127,Prepaid
SHP000224,H117,Sheffield,Bristol,17-05-2025,23-05-2025,ST0084,805,Air,527.04,2455.12,Breached,CUST1942,Postpaid
SHP000579,H472,Leeds,Liverpool,19-01-2025,22-01-2025,ST0319,683,Road,527.38,1902.76,Breached,CUST1523,Prepaid
SHP000429,H322,Leicester,Bristol,11-02-2025,13-02-2025,ST0227,1123,Road,527.88,2885.64,Met,CUST1166,Postpaid
SHP000225,H118,Bristol,Leeds,20-01-2025,22-01-2025,ST0428,1713,Road,528.34,1244.23,Met,CUST1481,Prepaid
SHP000600,H493,Leeds,Sheffield,29-06-2025,01-07-2025,ST0119,1389,Rail,529.43,1283.75,Met,CUST1477,Postpaid
SHP000109,H002,Coventry,Leeds,12-06-2025,14-06-2025,ST0102,1563,Rail,529.82,2932.83,Met,CUST1694,Postpaid
SHP000414,H307,Coventry,Bristol,28-05-2025,30-05-2025,ST0070,225,Air,530.44,1860.17,Met,CUST1340,Postpaid
SHP000572,H465,Leicester,Birmingham,03-05-2025,06-05-2025,ST0116,284,Rail,530.52,1303.6,Breached,CUST1032,Postpaid
SHP000240,H133,Leeds,Birmingham,23-06-2025,25-06-2025,ST0113,859,Air,530.55,2008.9,Met,CUST1963,Prepaid
SHP000364,H257,Leeds,Sheffield,27-05-2025,29-05-2025,ST0335,1124,Rail,531.22,2816.64,Met,CUST1854,Postpaid
SHP000067,H296,Birmingham,Birmingham,04-04-2025,06-04-2025,ST0430,551,Road,532.45,2267.77,Met,CUST1686,Prepaid
SHP000082,H344,Leicester,Manchester,20-01-2025,22-01-2025,ST0488,1760,Road,533.02,550.09,Met,CUST1237,Postpaid
SHP000322,H215,Liverpool,Coventry,29-07-2025,31-07-2025,ST0696,806,Air,533.38,2080.06,Met,CUST1098,Prepaid
SHP000710,H103,London,Birmingham,11-05-2025,13-05-2025,ST0028,1454,Air,534.01,893.57,Met,CUST1760,Postpaid
SHP000300,H193,Nottingham,Manchester,02-08-2025,07-08-2025,ST0681,965,Rail,534.15,1151.28,Breached,CUST1225,Prepaid
SHP000522,H415,Liverpool,Nottingham,15-07-2025,17-07-2025,ST0364,491,Rail,535.19,2292.93,Met,CUST1074,Prepaid
SHP000536,H429,Leeds,Manchester,30-07-2025,01-08-2025,ST0509,1052,Rail,536.03,2096.98,Met,CUST1231,Prepaid
SHP000170,H063,Birmingham,Nottingham,02-06-2025,04-06-2025,ST0144,516,Air,536.42,657.29,Met,CUST1129,Prepaid
SHP000302,H195,Liverpool,Birmingham,12-05-2025,15-05-2025,ST0774,1490,Air,536.65,1654.36,Breached,CUST1518,Postpaid
SHP000360,H253,Birmingham,Leeds,24-01-2025,26-01-2025,ST0004,1359,Road,537.12,1537.13,Met,CUST1846,Postpaid
SHP000468,H361,Leicester,London,15-05-2025,17-05-2025,ST0462,1231,Rail,538.02,1855.78,Met,CUST1909,Postpaid
SHP000106,H415,Sheffield,Birmingham,12-01-2025,14-01-2025,ST0745,314,Air,539.66,2666.61,Met,CUST1934,Prepaid
SHP000605,H498,Nottingham,Liverpool,02-02-2025,04-02-2025,ST0207,1632,Road,541.04,2857.92,Met,CUST1333,Postpaid
SHP000336,H229,Liverpool,Bristol,21-08-2025,23-08-2025,ST0177,670,Road,541.79,536.06,Met,CUST1011,Postpaid
SHP000734,H127,London,Sheffield,20-03-2025,22-03-2025,ST0423,391,Air,541.97,1264.79,Met,CUST1269,Prepaid
SHP000369,H262,Liverpool,London,01-05-2025,03-05-2025,ST0569,665,Rail,542.55,2747.41,Met,CUST1792,Prepaid
SHP000273,H166,Coventry,London,24-03-2025,26-03-2025,ST0714,386,Rail,543.89,2050.75,Met,CUST1444,Postpaid
SHP000012,H433,Leicester,Manchester,08-03-2025,10-03-2025,ST0688,926,Rail,545.83,2842.43,Met,CUST1623,Postpaid
SHP000424,H317,Leeds,Leicester,21-07-2025,24-07-2025,ST0611,1228,Air,545.85,405.98,Breached,CUST1820,Prepaid
SHP000546,H439,Bristol,Manchester,05-01-2025,07-01-2025,ST0232,1293,Air,546.01,1254.74,Met,CUST1720,Postpaid
SHP000167,H060,Coventry,Sheffield,16-01-2025,20-01-2025,ST0711,826,Rail,546.84,1014.83,Breached,CUST1702,Prepaid
SHP000696,H089,Manchester,Leeds,21-05-2025,23-05-2025,ST0076,1268,Road,547.67,2346.94,Met,CUST1728,Postpaid
SHP000268,H161,London,Coventry,25-06-2025,27-06-2025,ST0039,1459,Road,548.28,886.98,Met,CUST1167,Postpaid
SHP000049,H103,London,London,02-04-2025,04-04-2025,ST0681,392,Air,548.48,990.34,Met,CUST1758,Postpaid
SHP000118,H011,Liverpool,Coventry,15-08-2025,23-08-2025,ST0336,1505,Road,548.76,2193.28,Breached,CUST1813,Prepaid
SHP000652,H045,Bristol,Birmingham,18-06-2025,21-06-2025,ST0460,701,Road,549.43,1107.28,Breached,CUST1973,Prepaid
SHP000171,H064,Coventry,Bristol,19-05-2025,26-05-2025,ST0640,474,Road,550.49,799.66,Breached,CUST1825,Prepaid
SHP000257,H150,Coventry,Birmingham,28-06-2025,04-07-2025,ST0683,1060,Rail,550.91,2325.9,Breached,CUST1149,Postpaid
SHP000340,H233,Bristol,Nottingham,09-03-2025,11-03-2025,ST0368,918,Road,551.46,1440.22,Met,CUST1487,Postpaid
SHP000048,H416,Nottingham,Sheffield,25-02-2025,27-02-2025,ST0339,1641,Road,553.29,913.32,Met,CUST1381,Prepaid
SHP000644,H037,Nottingham,London,05-04-2025,07-04-2025,ST0455,609,Road,553.31,490.84,Met,CUST1793,Prepaid
SHP000003,H363,Leeds,Manchester,26-06-2025,11-04-2025,ST0048,377,Air,554.88,2249.26,Met,CUST1506,Postpaid
SHP000633,H026,Manchester,Sheffield,16-02-2025,18-02-2025,ST0034,1319,Rail,555.05,2939.44,Met,CUST1144,Prepaid
SHP000695,H088,Birmingham,Coventry,16-08-2025,18-08-2025,ST0687,1211,Rail,555.55,2784.78,Met,CUST1445,Postpaid
SHP000066,H447,Nottingham,Manchester,23-05-2025,27-05-2025,ST0187,409,Road,556.24,2123.12,Breached,CUST1734,Postpaid
SHP000215,H108,London,Manchester,10-02-2025,12-02-2025,ST0752,470,Road,556.86,1613.58,Met,CUST1724,Prepaid
SHP000365,H258,Bristol,Bristol,26-07-2025,28-07-2025,ST0709,1542,Air,557.08,772.77,Met,CUST1336,Postpaid
SHP000103,H345,Liverpool,Leeds,04-03-2025,06-03-2025,ST0729,625,Road,557.65,2130.35,Met,CUST1970,Prepaid
SHP000296,H189,Birmingham,Nottingham,29-07-2025,02-08-2025,ST0450,290,Road,557.91,2423.3,Breached,CUST1299,Postpaid
SHP000183,H076,London,Bristol,31-03-2025,07-04-2025,ST0519,1281,Road,559.22,1698.1,Breached,CUST1574,Prepaid
SHP000487,H380,Leicester,Manchester,31-03-2025,02-04-2025,ST0400,1355,Rail,559.26,918.27,Met,CUST1043,Prepaid
SHP000542,H435,Sheffield,Birmingham,04-07-2025,06-07-2025,ST0079,592,Rail,559.49,1876.46,Met,CUST1556,Prepaid
SHP000532,H425,Liverpool,Leeds,04-08-2025,06-08-2025,ST0234,629,Air,570.27,1544.38,Met,CUST1852,Prepaid
SHP000488,H381,Nottingham,Leicester,05-01-2025,07-01-2025,ST0645,603,Road,570.27,1774.74,Met,CUST1570,Prepaid
SHP000697,H090,Leicester,Bristol,17-08-2025,19-08-2025,ST0059,1262,Air,571.85,1034.26,Met,CUST1395,Prepaid
SHP000123,H016,Coventry,Nottingham,19-06-2025,21-06-2025,ST0482,1365,Road,572.06,1533.65,Met,CUST1120,Prepaid
SHP000746,H139,Leeds,Birmingham,22-01-2025,24-01-2025,ST0187,1212,Road,572.19,2767.42,Met,CUST1878,Prepaid
SHP000711,H104,Birmingham,Sheffield,02-04-2025,04-04-2025,ST0034,381,Air,572.55,1096.37,Met,CUST1284,Prepaid
SHP000063,H294,Nottingham,Manchester,04-03-2025,06-03-2025,ST0391,157,Rail,572.88,729.46,Met,CUST1114,Postpaid
SHP000434,H327,London,London,30-01-2025,01-02-2025,ST0707,1664,Road,573.62,1389.39,Met,CUST1282,Postpaid
SHP000155,H048,Bristol,Sheffield,13-08-2025,15-08-2025,ST0732,826,Rail,575.33,1409.94,Met,CUST1692,Prepaid
SHP000673,H066,Sheffield,Liverpool,05-07-2025,07-07-2025,ST0766,933,Rail,577,938.23,Met,CUST1595,Postpaid
SHP000702,H095,Coventry,Bristol,16-04-2025,18-04-2025,ST0426,1446,Rail,578.62,583.96,Met,CUST1721,Prepaid
SHP000260,H153,Manchester,Manchester,28-07-2025,30-07-2025,ST0564,175,Rail,579.54,2394.41,Met,CUST1845,Postpaid
SHP000750,H143,Manchester,Birmingham,10-02-2025,12-02-2025,ST0732,52,Rail,580.7,421.97,Met,CUST1362,Prepaid
SHP000377,H270,Bristol,London,24-06-2025,26-06-2025,ST0398,437,Air,580.76,2666.8,Met,CUST1609,Prepaid
SHP000756,H149,Nottingham,Bristol,18-04-2025,20-04-2025,ST0282,504,Rail,581.9,2183.92,Met,CUST1455,Prepaid
SHP000013,H311,Sheffield,Bristol,29-06-2025,01-07-2025,ST0536,1429,Rail,581.93,866.76,Met,CUST1806,Postpaid
SHP000085,H074,Bristol,Manchester,21-01-2025,23-01-2025,ST0687,1121,Road,582.8,2239.7,Met,CUST1850,Prepaid
SHP000548,H441,Birmingham,Liverpool,09-01-2025,11-01-2025,ST0671,1200,Rail,584.73,1114.95,Met,CUST1033,Postpaid
SHP000328,H221,Liverpool,Manchester,18-01-2025,20-01-2025,ST0425,1112,Rail,586.66,1459.58,Met,CUST1379,Postpaid
SHP000152,H045,London,Liverpool,01-06-2025,03-06-2025,ST0054,280,Rail,587.58,2876.09,Met,CUST1738,Postpaid
SHP000314,H207,Coventry,Nottingham,17-06-2025,22-06-2025,ST0363,1594,Air,587.98,427.2,Breached,CUST1329,Postpaid
SHP000561,H454,Liverpool,Sheffield,31-03-2025,02-04-2025,ST0225,339,Rail,589.76,943.11,Met,CUST1164,Postpaid
SHP000178,H071,Manchester,Leicester,09-06-2025,11-06-2025,ST0776,1293,Rail,591.3,1387.06,Met,CUST1106,Postpaid
SHP000528,H421,Bristol,Leicester,25-04-2025,27-04-2025,ST0055,1344,Road,591.58,307.95,Met,CUST1686,Postpaid
SHP000011,H311,Leicester,Leeds,21-04-2025,27-04-2025,ST0656,226,Rail,591.58,802.66,Breached,CUST1707,Postpaid
SHP000624,H017,Liverpool,Leeds,13-08-2025,20-08-2025,ST0334,1576,Rail,591.84,1036.84,Breached,CUST1783,Prepaid
SHP000634,H027,Manchester,Sheffield,06-03-2025,08-03-2025,ST0639,167,Rail,592.02,438.89,Met,CUST1763,Prepaid
SHP000491,H384,Coventry,Bristol,04-02-2025,06-02-2025,ST0737,836,Rail,596.71,967.62,Met,CUST1224,Prepaid
SHP000117,H010,Nottingham,Sheffield,31-07-2025,08-08-2025,ST0519,134,Road,597.44,864,Breached,CUST1617,Postpaid
SHP000264,H157,London,Leeds,11-04-2025,13-04-2025,ST0358,1434,Road,597.76,389.7,Met,CUST1799,Postpaid
SHP000142,H035,Coventry,Manchester,09-03-2025,11-03-2025,ST0656,725,Road,599.48,1771.73,Met,CUST1095,Postpaid
SHP000736,H129,Leeds,Nottingham,01-08-2025,03-08-2025,ST0752,1139,Air,599.48,1467.59,Met,CUST1827,Postpaid
SHP000271,H164,Manchester,Sheffield,25-02-2025,04-03-2025,ST0720,67,Rail,600.9,1990.75,Breached,CUST1573,Prepaid
SHP000547,H440,Leicester,London,11-08-2025,13-08-2025,ST0241,1788,Rail,601.72,602.6,Met,CUST1204,Postpaid
SHP000534,H427,Birmingham,London,11-05-2025,16-05-2025,ST0484,1693,Air,601.76,943.99,Breached,CUST1709,Postpaid
SHP000688,H081,Birmingham,London,29-05-2025,31-05-2025,ST0063,284,Rail,602.24,2782.82,Met,CUST1002,Postpaid
SHP000105,H363,Coventry,London,04-05-2025,06-05-2025,ST0519,805,Air,604.31,2719.67,Met,CUST1830,Postpaid
SHP000169,H062,Birmingham,Liverpool,21-07-2025,23-07-2025,ST0516,1289,Rail,604.32,2122.36,Met,CUST1386,Postpaid
SHP000403,H296,Sheffield,Sheffield,18-01-2025,22-01-2025,ST0771,347,Road,604.41,2776.08,Breached,CUST1142,Postpaid
SHP000578,H471,Coventry,Birmingham,28-03-2025,02-04-2025,ST0145,1681,Rail,605.28,1531.74,Breached,CUST1311,Postpaid
SHP000396,H289,Sheffield,Manchester,20-05-2025,22-05-2025,ST0631,1085,Road,606.43,1706.67,Met,CUST1110,Prepaid
SHP000294,H187,Bristol,Manchester,21-03-2025,28-03-2025,ST0543,412,Air,607.74,982.61,Breached,CUST1168,Postpaid
SHP000637,H030,Birmingham,Coventry,23-02-2025,25-02-2025,ST0562,915,Air,607.95,2485.98,Met,CUST1343,Postpaid
SHP000585,H478,Sheffield,Nottingham,09-04-2025,11-04-2025,ST0096,764,Rail,608.21,1478.74,Met,CUST1777,Prepaid
SHP000516,H409,Bristol,Birmingham,07-05-2025,14-05-2025,ST0309,942,Air,608.22,2193.3,Breached,CUST1716,Prepaid
SHP000582,H475,Sheffield,Liverpool,03-04-2025,05-04-2025,ST0468,1269,Air,608.48,2370.53,Met,CUST1959,Postpaid
SHP000019,H393,Coventry,Birmingham,31-01-2025,02-02-2025,ST0553,844,Air,609.41,2883.09,Met,CUST1871,Postpaid
SHP000784,H177,Leicester,London,22-02-2025,02-03-2025,ST0382,936,Air,611.33,380.72,Breached,CUST1361,Postpaid
SHP000484,H377,Birmingham,Sheffield,19-08-2025,21-08-2025,ST0728,803,Air,611.49,447.91,Met,CUST1035,Prepaid
SHP000137,H030,Sheffield,Coventry,10-08-2025,12-08-2025,ST0006,1351,Road,611.66,615.27,Met,CUST1095,Prepaid
SHP000149,H042,Sheffield,Sheffield,15-04-2025,17-04-2025,ST0737,197,Road,611.76,1512.1,Met,CUST1630,Postpaid
SHP000006,H214,Coventry,Leicester,29-06-2025,20-07-2025,ST0184,61,Road,615.59,2913.68,Met,CUST1563,Postpaid
SHP000211,H104,London,London,14-02-2025,16-02-2025,ST0027,624,Air,615.98,644.73,Met,CUST1259,Postpaid
SHP000304,H197,Bristol,Coventry,06-05-2025,11-05-2025,ST0669,877,Road,616.48,1025.05,Breached,CUST1852,Postpaid
SHP000457,H350,Manchester,Bristol,20-03-2025,22-03-2025,ST0038,197,Rail,617.35,1843.51,Met,CUST1368,Postpaid
SHP000232,H125,Leicester,Liverpool,19-01-2025,21-01-2025,ST0381,415,Air,617.61,695.25,Met,CUST1021,Prepaid
SHP000571,H464,London,Manchester,21-01-2025,23-01-2025,ST0528,836,Air,618.8,2593.54,Met,CUST1677,Prepaid
SHP000242,H135,Nottingham,Bristol,03-08-2025,11-08-2025,ST0403,962,Air,620.42,366.6,Breached,CUST1580,Prepaid
SHP000021,H484,London,London,26-03-2025,28-03-2025,ST0120,1539,Road,620.95,432.09,Met,CUST1114,Prepaid
SHP000239,H132,Sheffield,Bristol,18-05-2025,20-05-2025,ST0290,201,Road,621,341.92,Met,CUST1999,Prepaid
SHP000389,H282,London,Manchester,05-02-2025,07-02-2025,ST0281,1190,Air,621.17,1210,Met,CUST1397,Postpaid
SHP000770,H163,Birmingham,Leicester,15-03-2025,17-03-2025,ST0610,1704,Rail,621.58,725.01,Met,CUST1038,Postpaid
SHP000761,H154,Leeds,Sheffield,16-02-2025,20-02-2025,ST0460,1370,Air,622.5,2517.48,Breached,CUST1037,Postpaid
SHP000521,H414,Leicester,London,24-04-2025,01-05-2025,ST0552,1510,Rail,622.87,1918.37,Breached,CUST1997,Postpaid
SHP000174,H067,Liverpool,London,26-07-2025,01-08-2025,ST0600,1725,Rail,623.03,2083.62,Breached,CUST1250,Prepaid
SHP000163,H056,Leicester,Sheffield,03-04-2025,05-04-2025,ST0497,1770,Road,623.78,1356.81,Met,CUST1178,Postpaid
SHP000222,H115,Bristol,Liverpool,11-02-2025,13-02-2025,ST0304,707,Road,624.34,2424.77,Met,CUST1107,Prepaid
SHP000479,H372,Nottingham,Coventry,21-02-2025,23-02-2025,ST0587,1272,Air,625.61,467.06,Met,CUST1989,Postpaid
SHP000560,H453,Liverpool,Bristol,25-02-2025,27-02-2025,ST0223,197,Road,626.15,2472.39,Met,CUST1770,Prepaid
SHP000193,H086,Sheffield,Birmingham,10-02-2025,12-02-2025,ST0537,947,Air,626.18,2312.42,Met,CUST1408,Prepaid
SHP000416,H309,Manchester,Liverpool,15-05-2025,17-05-2025,ST0454,1282,Rail,626.8,846.27,Met,CUST1243,Postpaid
SHP000017,H400,Sheffield,Leicester,07-02-2025,09-02-2025,ST0057,687,Road,627.84,2252.86,Met,CUST1834,Prepaid
SHP000475,H368,Leeds,Bristol,27-08-2025,29-08-2025,ST0337,1287,Air,628.3,2836.78,Met,CUST1929,Postpaid
SHP000076,H310,Birmingham,Liverpool,03-04-2025,05-04-2025,ST0418,303,Air,628.68,598.73,Met,CUST1122,Prepaid
SHP000796,H189,Coventry,Sheffield,14-03-2025,16-03-2025,ST0778,467,Rail,630.35,1229.43,Met,CUST1186,Postpaid
SHP000037,H264,London,London,20-04-2025,22-04-2025,ST0340,1008,Road,630.44,2868.44,Met,CUST1412,Prepaid
SHP000589,H482,Manchester,Bristol,31-07-2025,07-08-2025,ST0491,162,Road,630.94,500.25,Breached,CUST1727,Postpaid
SHP000682,H075,Leeds,Coventry,21-08-2025,23-08-2025,ST0219,1530,Rail,632.96,1981.65,Met,CUST1340,Postpaid
SHP000254,H147,Manchester,Manchester,20-08-2025,22-08-2025,ST0009,575,Air,634.72,1795.23,Met,CUST1029,Postpaid
SHP000053,H254,Coventry,Coventry,02-02-2025,04-02-2025,ST0217,251,Air,635.23,2859.56,Met,CUST1171,Postpaid
SHP000181,H074,Manchester,Sheffield,03-07-2025,07-07-2025,ST0142,1420,Air,635.83,1325.26,Breached,CUST1944,Postpaid
SHP000537,H430,Coventry,Bristol,09-02-2025,11-02-2025,ST0218,1079,Rail,635.99,1281.62,Met,CUST1447,Prepaid
SHP000554,H447,Sheffield,Birmingham,08-03-2025,10-03-2025,ST0040,123,Air,636.32,501.55,Met,CUST1066,Postpaid
SHP000279,H172,Liverpool,Sheffield,16-05-2025,23-05-2025,ST0405,458,Road,636.84,2211.76,Breached,CUST1350,Prepaid
SHP000496,H389,Leicester,Nottingham,28-08-2025,30-08-2025,ST0248,445,Rail,637.12,1843.92,Met,CUST1766,Postpaid
SHP000640,H033,Manchester,Nottingham,01-07-2025,03-07-2025,ST0674,1462,Road,637.23,2681.36,Met,CUST1760,Prepaid
SHP000597,H490,Birmingham,Liverpool,12-03-2025,20-03-2025,ST0019,1105,Air,637.6,408.79,Breached,CUST1429,Prepaid
SHP000704,H097,Birmingham,Sheffield,11-01-2025,13-01-2025,ST0557,1542,Road,637.98,443.9,Met,CUST1438,Postpaid
SHP000455,H348,Coventry,Liverpool,09-04-2025,11-04-2025,ST0665,742,Air,639.39,2711.24,Met,CUST1649,Prepaid
SHP000030,H364,Liverpool,Bristol,19-08-2025,21-08-2025,ST0035,1010,Air,640.23,720.08,Met,CUST1088,Prepaid
SHP000727,H120,Nottingham,Birmingham,08-03-2025,10-03-2025,ST0285,1216,Air,640.28,2593.95,Met,CUST1219,Prepaid
SHP000777,H170,Coventry,Leicester,09-05-2025,11-05-2025,ST0533,1715,Air,642.77,1395.92,Met,CUST1188,Postpaid
SHP000398,H291,Nottingham,London,22-05-2025,24-05-2025,ST0501,325,Road,644.13,1798.68,Met,CUST1134,Postpaid
SHP000401,H294,Nottingham,Leeds,15-02-2025,17-02-2025,ST0241,1209,Road,644.29,2052.96,Met,CUST1800,Prepaid
SHP000683,H076,Birmingham,Nottingham,22-07-2025,24-07-2025,ST0581,468,Air,647.55,1735.72,Met,CUST1366,Prepaid
SHP000180,H073,Sheffield,Bristol,25-01-2025,27-01-2025,ST0774,759,Air,647.74,836.98,Met,CUST1479,Prepaid
SHP000747,H140,Leicester,Nottingham,06-08-2025,08-08-2025,ST0303,932,Air,648.01,2338.24,Met,CUST1002,Prepaid
SHP000646,H039,Coventry,Birmingham,01-03-2025,03-03-2025,ST0792,1432,Air,650.34,1793.95,Met,CUST1359,Postpaid
SHP000423,H316,Leicester,London,23-07-2025,25-07-2025,ST0267,1797,Road,651.13,2961.66,Met,CUST1190,Prepaid
SHP000402,H295,Manchester,Birmingham,08-06-2025,10-06-2025,ST0621,603,Road,651.76,2773.99,Met,CUST1104,Prepaid
SHP000660,H053,Sheffield,Leeds,18-04-2025,20-04-2025,ST0335,1711,Rail,652.29,1510.13,Met,CUST1850,Postpaid
SHP000374,H267,Leeds,Nottingham,11-05-2025,13-05-2025,ST0547,1310,Rail,653.49,2440.48,Met,CUST1173,Prepaid
SHP000643,H036,Bristol,Liverpool,24-04-2025,26-04-2025,ST0508,173,Rail,654.81,1255.59,Met,CUST1830,Prepaid
SHP000338,H231,Nottingham,Leicester,24-08-2025,30-08-2025,ST0249,703,Air,654.94,1991.8,Breached,CUST1024,Prepaid
SHP000033,H352,Liverpool,Coventry,05-03-2025,07-03-2025,ST0088,81,Air,655.46,442.16,Met,CUST1833,Prepaid
SHP000397,H290,Birmingham,Leeds,20-03-2025,26-03-2025,ST0635,1239,Air,655.64,690.01,Breached,CUST1541,Prepaid
SHP000452,H345,Leeds,Sheffield,24-02-2025,26-02-2025,ST0610,1776,Air,656.92,1181.9,Met,CUST1814,Prepaid
SHP000129,H022,Sheffield,Bristol,09-08-2025,11-08-2025,ST0281,1137,Road,657.23,390.73,Met,CUST1029,Prepaid
SHP000046,H141,Liverpool,Bristol,06-04-2025,12-04-2025,ST0545,288,Air,657.35,1344.74,Breached,CUST1061,Prepaid
SHP000347,H240,Leicester,Leicester,25-03-2025,27-03-2025,ST0769,787,Air,657.38,1436.55,Met,CUST1270,Prepaid
SHP000164,H057,Coventry,Liverpool,09-03-2025,11-03-2025,ST0373,1553,Rail,658.05,2980.99,Met,CUST1764,Prepaid
SHP000525,H418,Liverpool,Birmingham,15-02-2025,17-02-2025,ST0784,1188,Rail,658.39,1952.7,Met,CUST1492,Prepaid
SHP000141,H034,Bristol,Birmingham,22-07-2025,24-07-2025,ST0307,184,Rail,658.75,1760.61,Met,CUST1612,Postpaid
SHP000283,H176,Liverpool,Bristol,12-04-2025,15-04-2025,ST0189,485,Road,658.92,2563.55,Breached,CUST1098,Prepaid
SHP000292,H185,Leeds,Leicester,05-07-2025,07-07-2025,ST0693,1136,Rail,659.42,1066.75,Met,CUST1236,Prepaid
SHP000132,H025,Coventry,Coventry,25-06-2025,27-06-2025,ST0027,1662,Rail,660.15,915.56,Met,CUST1978,Prepaid
SHP000295,H188,Bristol,Liverpool,12-05-2025,18-05-2025,ST0595,515,Rail,660.32,1695.36,Breached,CUST1710,Prepaid
SHP000177,H070,Manchester,Coventry,26-05-2025,31-05-2025,ST0215,1005,Road,660.71,2237.37,Breached,CUST1307,Postpaid
SHP000638,H031,Nottingham,Coventry,06-04-2025,08-04-2025,ST0338,1339,Air,660.79,2613.87,Met,CUST1116,Postpaid
SHP000311,H204,Leicester,Birmingham,16-01-2025,18-01-2025,ST0004,853,Road,660.97,2131.79,Met,CUST1286,Postpaid
SHP000526,H419,Sheffield,Nottingham,19-06-2025,22-06-2025,ST0077,685,Rail,661.38,1773.21,Breached,CUST1283,Postpaid
SHP000797,H190,Sheffield,Birmingham,02-01-2025,04-01-2025,ST0068,559,Rail,661.67,438.6,Met,CUST1460,Postpaid
SHP000599,H492,Leeds,Nottingham,02-03-2025,05-03-2025,ST0447,685,Rail,661.76,438.45,Breached,CUST1745,Prepaid
SHP000535,H428,Leicester,London,23-01-2025,27-01-2025,ST0676,1688,Air,662.09,1683.28,Breached,CUST1489,Prepaid
SHP000002,H367,Birmingham,Bristol,25-06-2025,28-04-2025,ST0114,1748,Rail,662.18,2520.29,Met,CUST1864,Prepaid
SHP000427,H320,Bristol,Coventry,21-07-2025,23-07-2025,ST0016,1548,Road,662.65,2741.91,Met,CUST1703,Prepaid
SHP000029,H182,Sheffield,Birmingham,12-08-2025,14-08-2025,ST0324,1471,Air,663.36,1000.58,Met,CUST1333,Prepaid
SHP000584,H477,Liverpool,Sheffield,18-03-2025,20-03-2025,ST0371,504,Road,665.02,2882.4,Met,CUST1863,Postpaid
SHP000258,H151,Bristol,Birmingham,22-07-2025,24-07-2025,ST0752,315,Road,665.62,1391.82,Met,CUST1323,Prepaid
SHP000691,H084,Nottingham,Leicester,30-07-2025,01-08-2025,ST0507,1497,Air,665.76,980.44,Met,CUST1066,Postpaid
SHP000450,H343,Leeds,London,27-07-2025,03-08-2025,ST0703,1593,Road,666.12,703.35,Breached,CUST1229,Prepaid
SHP000373,H266,London,Coventry,12-01-2025,14-01-2025,ST0679,1128,Air,666.62,1056.26,Met,CUST1827,Postpaid
SHP000421,H314,Birmingham,Liverpool,16-07-2025,18-07-2025,ST0093,729,Road,668.16,1591.37,Met,CUST1215,Postpaid
SHP000274,H167,Leeds,Leeds,12-01-2025,14-01-2025,ST0431,52,Rail,668.33,2244.92,Met,CUST1610,Postpaid
SHP000438,H331,Coventry,Sheffield,21-06-2025,23-06-2025,ST0567,1283,Road,668.42,1994.78,Met,CUST1092,Prepaid
SHP000080,H245,Sheffield,Birmingham,21-08-2025,23-08-2025,ST0418,1551,Road,668.88,2542.48,Met,CUST1164,Postpaid
SHP000095,H152,Bristol,Coventry,29-06-2025,01-07-2025,ST0384,721,Air,669.77,1246.43,Met,CUST1605,Prepaid
SHP000092,H217,Leicester,London,24-06-2025,26-06-2025,ST0541,615,Air,671.9,2511.96,Met,CUST1176,Prepaid
SHP000568,H461,Nottingham,Sheffield,27-06-2025,03-07-2025,ST0255,1505,Air,671.91,2825.78,Breached,CUST1895,Prepaid
SHP000203,H096,Manchester,Manchester,04-02-2025,06-02-2025,ST0584,1346,Rail,671.99,2093.46,Met,CUST1410,Prepaid
SHP000442,H335,Manchester,Nottingham,08-06-2025,10-06-2025,ST0388,644,Air,672.12,1602.3,Met,CUST1789,Prepaid
SHP000346,H239,London,London,12-02-2025,14-02-2025,ST0689,251,Rail,673.3,1541.26,Met,CUST1394,Prepaid
SHP000654,H047,Leicester,Bristol,10-06-2025,15-06-2025,ST0283,1684,Rail,674.69,2675.12,Breached,CUST1352,Prepaid
SHP000138,H031,Coventry,Nottingham,04-07-2025,09-07-2025,ST0207,1625,Road,674.82,1429.74,Breached,CUST1663,Postpaid
SHP000130,H023,Leicester,Manchester,14-06-2025,16-06-2025,ST0513,1313,Road,675.96,2386.05,Met,CUST1165,Postpaid
SHP000499,H392,London,Sheffield,18-01-2025,20-01-2025,ST0335,254,Road,676.03,2421.63,Met,CUST1211,Prepaid
SHP000112,H005,Sheffield,Birmingham,07-06-2025,09-06-2025,ST0550,776,Road,677.32,419,Met,CUST1805,Prepaid
SHP000175,H068,Nottingham,London,27-04-2025,02-05-2025,ST0543,797,Road,678.29,784.24,Breached,CUST1551,Postpaid
SHP000195,H088,Liverpool,Manchester,28-08-2025,30-08-2025,ST0397,378,Road,678.51,1300.35,Met,CUST1738,Postpaid
SHP000603,H496,Coventry,Coventry,14-06-2025,17-06-2025,ST0559,1225,Road,679.99,1755.87,Breached,CUST1394,Postpaid
SHP000765,H158,Sheffield,Nottingham,14-03-2025,16-03-2025,ST0197,473,Rail,680.04,2887.2,Met,CUST1370,Prepaid
SHP000184,H077,Liverpool,Birmingham,14-01-2025,20-01-2025,ST0763,1783,Road,680.07,1392.98,Breached,CUST1917,Postpaid
SHP000245,H138,Bristol,Bristol,24-05-2025,26-05-2025,ST0768,937,Road,682.04,2026.87,Met,CUST1512,Postpaid
SHP000658,H051,Leicester,Leeds,21-01-2025,27-01-2025,ST0005,94,Air,683.33,2787.99,Breached,CUST1475,Postpaid
SHP000217,H110,Coventry,Coventry,04-03-2025,06-03-2025,ST0083,574,Air,683.36,2831.53,Met,CUST1352,Prepaid
SHP000635,H028,Leicester,Liverpool,13-07-2025,15-07-2025,ST0392,1690,Rail,683.45,1329.75,Met,CUST1129,Prepaid
SHP000769,H162,Birmingham,Coventry,14-06-2025,16-06-2025,ST0522,671,Air,683.67,2212.37,Met,CUST1089,Postpaid
SHP000739,H132,Sheffield,Sheffield,29-06-2025,03-07-2025,ST0072,1303,Road,684.37,2025.16,Breached,CUST1921,Postpaid
SHP000221,H114,Sheffield,Manchester,13-01-2025,20-01-2025,ST0201,571,Air,686.6,358.03,Breached,CUST1322,Postpaid
SHP000550,H443,Birmingham,Birmingham,14-05-2025,16-05-2025,ST0084,1630,Rail,687.36,1310.39,Met,CUST1532,Prepaid
SHP000462,H355,Bristol,Sheffield,02-02-2025,10-02-2025,ST0607,1567,Road,688.6,1704.53,Breached,CUST1480,Prepaid
SHP000738,H131,Liverpool,Nottingham,13-06-2025,15-06-2025,ST0073,1465,Rail,689.14,2081.75,Met,CUST1953,Postpaid
SHP000145,H038,London,Liverpool,07-07-2025,09-07-2025,ST0618,599,Road,690.05,2814.82,Met,CUST1301,Prepaid
SHP000278,H171,Coventry,Leeds,22-05-2025,24-05-2025,ST0780,644,Rail,690.11,2583.72,Met,CUST1939,Prepaid
SHP000545,H438,Manchester,Birmingham,11-08-2025,13-08-2025,ST0602,99,Air,690.28,416.97,Met,CUST1088,Postpaid
SHP000316,H209,Bristol,Bristol,15-01-2025,17-01-2025,ST0152,1561,Road,691.82,597.3,Met,CUST1109,Prepaid
SHP000422,H315,London,Sheffield,09-01-2025,13-01-2025,ST0248,1012,Air,691.83,2587.08,Breached,CUST1612,Postpaid
SHP000411,H304,Sheffield,Leicester,12-02-2025,14-02-2025,ST0668,424,Air,692.32,2208.79,Met,CUST1008,Prepaid
SHP000380,H273,Liverpool,Sheffield,07-05-2025,09-05-2025,ST0330,108,Road,693.04,2615.02,Met,CUST1162,Prepaid
SHP000058,H200,Leeds,Leeds,11-02-2025,13-02-2025,ST0570,107,Air,693.75,2812.48,Met,CUST1071,Postpaid
SHP000515,H408,Liverpool,Leicester,22-05-2025,24-05-2025,ST0479,839,Air,693.87,359.37,Met,CUST1211,Postpaid
SHP000289,H182,Nottingham,Leicester,15-01-2025,18-01-2025,ST0239,121,Air,694.36,1103.51,Breached,CUST1738,Prepaid
SHP000036,H238,Manchester,Bristol,10-01-2025,16-01-2025,ST0503,272,Road,695.15,1342.76,Breached,CUST1525,Prepaid
SHP000357,H250,Birmingham,Birmingham,16-03-2025,18-03-2025,ST0752,252,Air,696.24,2878.96,Met,CUST1262,Postpaid
SHP000379,H272,Bristol,Coventry,04-08-2025,08-08-2025,ST0227,1278,Rail,697.75,1518.57,Breached,CUST1334,Prepaid
SHP000656,H049,Leicester,Bristol,01-05-2025,03-05-2025,ST0153,1381,Road,698.08,2740.16,Met,CUST1231,Prepaid
SHP000321,H214,Coventry,Nottingham,03-06-2025,10-06-2025,ST0202,1648,Road,698.79,1339.36,Breached,CUST1348,Prepaid
SHP000062,H076,Bristol,Birmingham,19-02-2025,21-02-2025,ST0350,803,Air,699.42,2773.62,Met,CUST1025,Prepaid
SHP000472,H365,Manchester,Manchester,11-04-2025,13-04-2025,ST0689,186,Rail,699.54,2202.02,Met,CUST1362,Postpaid
SHP000586,H479,Birmingham,London,29-05-2025,31-05-2025,ST0318,383,Road,699.69,1842.73,Met,CUST1061,Prepaid
SHP000287,H180,Liverpool,Manchester,21-07-2025,23-07-2025,ST0278,1345,Road,699.79,2487.01,Met,CUST1785,Prepaid
SHP000715,H108,Sheffield,Birmingham,26-07-2025,28-07-2025,ST0051,363,Rail,699.97,2822.65,Met,CUST1232,Postpaid
,,,,,,,,,,,,,
,,,,,,,,,,,,,
,,,,,,,,,,,,,
,,,,,,,,,,,,,
,,,,,,,,,,,,,
,,,,,,,,,,,,,
,,,,,,,,,,,,,
,,,,,,,,,,,,,
,,,,,,,,,,,,,
,,,,,,,,,,,,,
,,,,,,,,,,,,,
,,,,,,,,,,,,,
,,,,,,,,,,,,,
,,,,,,,,,,,,,
,,,,,,,,,,,,,
,,,,,,,,,,,,,
,,,,,,,,,,,,,
,,,,,,,,,,,,,
,,,,,,,,,,,,,
,,,,,,,,,,,,,
,,,,,,,,,,,,,
,,,,,,,,,,,,,
,,,,,,,,,,,,,
,,,,,,,,,,,,,
,,,,,,,,,,,,,
,,,,,,,,,,,,,
,,,,,,,,,,,,,
,,,,,,,,,,,,,
,,,,,,,,,,,,,
,,,,,,,,,,,,,
,,,,,,,,,,,,,
,,,,,,,,,,,,,
,,,,,,,,,,,,,
,,,,,,,,,,,,,
,,,,,,,,,,,,,
,,,,,,,,,,,,,
,,,,,,,,,,,,,
,,,,,,,,,,,,,
,,,,,,,,,,,,,
,,,,,,,,,,,,,
,,,,,,,,,,,,,
,,,,,,,,,,,,,
,,,,,,,,,,,,,
,,,,,,,,,,,,,
,,,,,,,,,,,,,
,,,,,,,,,,,,,
,,,,,,,,,,,,,
,,,,,,,,,,,,,
,,,,,,,,,,,,,
,,,,,,,,,,,,,
,,,,,,,,,,,,,
,,,,,,,,,,,,,
,,,,,,,,,,,,,
,,,,,,,,,,,,,
,,,,,,,,,,,,,
,,,,,,,,,,,,,
,,,,,,,,,,,,,
,,,,,,,,,,,,,
,,,,,,,,,,,,,
,,,,,,,,,,,,,
,,,,,,,,,,,,,
,,,,,,,,,,,,,
,,,,,,,,,,,,,
,,,,,,,,,,,,,
,,,,,,,,,,,,,
,,,,,,,,,,,,,
,,,,,,,,,,,,,
,,,,,,,,,,,,,
,,,,,,,,,,,,,
,,,,,,,,,,,,,
,,,,,,,,,,,,,
,,,,,,,,,,,,,
,,,,,,,,,,,,,
,,,,,,,,,,,,,
,,,,,,,,,,,,,
,,,,,,,,,,,,,
,,,,,,,,,,,,,
,,,,,,,,,,,,,
,,,,,,,,,,,,,
,,,,,,,,,,,,,
,,,,,,,,,,,,,
,,,,,,,,,,,,,
,,,,,,,,,,,,,
,,,,,,,,,,,,,
,,,,,,,,,,,,,
,,,,,,,,,,,,,
,,,,,,,,,,,,,
,,,,,,,,,,,,,
,,,,,,,,,,,,,
,,,,,,,,,,,,,
,,,,,,,,,,,,,
,,,,,,,,,,,,,
,,,,,,,,,,,,,
,,,,,,,,,,,,,
,,,,,,,,,,,,,
,,,,,,,,,,,,,
,,,,,,,,,,,,,
,,,,,,,,,,,,,
,,,,,,,,,,,,,
,,,,,,,,,,,,,
,,,,,,,,,,,,,
,,,,,,,,,,,,,
,,,,,,,,,,,,,
,,,,,,,,,,,,,
,,,,,,,,,,,,,
,,,,,,,,,,,,,
,,,,,,,,,,,,,
,,,,,,,,,,,,,
,,,,,,,,,,,,,
,,,,,,,,,,,,,
,,,,,,,,,,,,,
,,,,,,,,,,,,,
,,,,,,,,,,,,,
,,,,,,,,,,,,,
,,,,,,,,,,,,,
,,,,,,,,,,,,,
,,,,,,,,,,,,,
,,,,,,,,,,,,,
,,,,,,,,,,,,,
,,,,,,,,,,,,,
,,,,,,,,,,,,,
,,,,,,,,,,,,,
,,,,,,,,,,,,,
,,,,,,,,,,,,,
,,,,,,,,,,,,,
,,,,,,,,,,,,,
,,,,,,,,,,,,,
,,,,,,,,,,,,,
,,,,,,,,,,,,,
,,,,,,,,,,,,,
,,,,,,,,,,,,,
,,,,,,,,,,,,,
,,,,,,,,,,,,,
,,,,,,,,,,,,,
,,,,,,,,,,,,,
,,,,,,,,,,,,,
,,,,,,,,,,,,,
,,,,,,,,,,,,,
,,,,,,,,,,,,,
,,,,,,,,,,,,,
,,,,,,,,,,,,,
,,,,,,,,,,,,,
,,,,,,,,,,,,,
,,,,,,,,,,,,,
,,,,,,,,,,,,,
,,,,,,,,,,,,,
,,,,,,,,,,,,,
,,,,,,,,,,,,,
,,,,,,,,,,,,,
,,,,,,,,,,,,,
,,,,,,,,,,,,,
,,,,,,,,,,,,,
,,,,,,,,,,,,,
,,,,,,,,,,,,,
,,,,,,,,,,,,,
,,,,,,,,,,,,,
,,,,,,,,,,,,,
,,,,,,,,,,,,,
,,,,,,,,,,,,,
,,,,,,,,,,,,,
,,,,,,,,,,,,,
,,,,,,,,,,,,,
,,,,,,,,,,,,,
,,,,,,,,,,,,,
,,,,,,,,,,,,,
,,,,,,,,,,,,,
,,,,,,,,,,,,,
,,,,,,,,,,,,,
,,,,,,,,,,,,,
,,,,,,,,,,,,,
,,,,,,,,,,,,,
,,,,,,,,,,,,,
,,,,,,,,,,,,,
,,,,,,,,,,,,,
,,,,,,,,,,,,,
,,,,,,,,,,,,,
,,,,,,,,,,,,,
,,,,,,,,,,,,,
,,,,,,,,,,,,,
,,,,,,,,,,,,,
,,,,,,,,,,,,,
,,,,,,,,,,,,,
,,,,,,,,,,,,,
,,,,,,,,,,,,,
,,,,,,,,,,,,,
,,,,,,,,,,,,,
,,,,,,,,,,,,,
,,,,,,,,,,,,,
,,,,,,,,,,,,,
,,,,,,,,,,,,,
,,,,,,,,,,,,,
,,,,,,,,,,,,,
,,,,,,,,,,,,,
,,,,,,,,,,,,,
,,,,,,,,,,,,,
,,,,,,,,,,,,,
,,,,,,,,,,,,,
,,,,,,,,,,,,,
,,,,,,,,,,,,,
,,,,,,,,,,,,,
